,,,,,,,,,,,,,,,,,,
,,,,,,,,,,,,,,,,,,
, Mission, Provenance Name, Instrument, Project, Filters, Waveband, Target Name, Target Classification, Observation ID, RA, Dec, Calibration Level, Start Time, Exposure Length, Release Date, Proposal Type," Distance ("")",
, string, string, string, string, string, string, string, string, string, ra, dec, int, float, float, float, string, float,
,obs_collection,provenance_name,instrument_name,project,filters,wavelength_region,target_name,target_classification,obs_id,s_ra,s_dec,calib_level,t_min,t_exptime,t_obs_release,proposal_type,distance,
,TESS,SPOC,Photometer,TESS,TESS,Optical,TESS FFI,,tess-s0019-1-4,83.6582214424111,35.2096087820136,3,58815.58822172,1425.599402,58875,,0,
,SPITZER_SHA,SSC Pipeline,IRAC,,IRAC3,Infrared,NGC2099,,1222700,88.076458,32.553,3,54194.97784543,26.8,54567.85753,,0,
,SPITZER_SHA,SSC Pipeline,IRAC,,IRAC2,Infrared,NGC2099,,1222700,88.076458,32.553,3,54194.97784543,26.8,54567.85753,,0,
,SPITZER_SHA,SSC Pipeline,IRAC,,IRAC4,Infrared,NGC2099,,1222700,88.076458,32.553,3,54194.97784543,26.8,54567.85753,,0,
,SPITZER_SHA,SSC Pipeline,IRAC,,IRAC1,Infrared,NGC2099,,1222700,88.076458,32.553,3,54194.97784543,26.8,54567.85753,,0,
,PS1,3PI,GPC1,PS1,g,OPTICAL,2028.018,,rings.v3.skycell.2028.018.stk.g,88.3318279044723,32.581262183788,3,55560.5024288,1081,57741.54167,3PI,0,
,PS1,3PI,GPC1,PS1,i,OPTICAL,2028.018,,rings.v3.skycell.2028.018.stk.i,88.3318279044723,32.581262183788,3,55547.4062311,900,57741.54167,3PI,0,
,PS1,3PI,GPC1,PS1,r,OPTICAL,2028.018,,rings.v3.skycell.2028.018.stk.r,88.3318279044723,32.581262183788,3,55173.4269383,1671,57741.54167,3PI,0,
,PS1,3PI,GPC1,PS1,y,OPTICAL,INFRARED,2028.018,,rings.v3.skycell.2028.018.stk.y,88.3318279044723,32.581262183788,3,55241.262797,770,57741.54167,3PI,0
,PS1,3PI,GPC1,PS1,z,OPTICAL,2028.018,,rings.v3.skycell.2028.018.stk.z,88.3318279044723,32.581262183788,3,55482.6324463,540,57741.54167,3PI,0,
,PS1,3PI,GPC1,PS1,g,OPTICAL,2028.019,,rings.v3.skycell.2028.019.stk.g,87.8556852749354,32.5740716573307,3,55560.5024288,866,57741.54167,3PI,0,
,PS1,3PI,GPC1,PS1,i,OPTICAL,2028.019,,rings.v3.skycell.2028.019.stk.i,87.8556852749354,32.5740716573307,3,55547.4062311,720,57741.54167,3PI,0,
,PS1,3PI,GPC1,PS1,r,OPTICAL,2028.019,,rings.v3.skycell.2028.019.stk.r,87.8556852749354,32.5740716573307,3,55173.4269383,1271,57741.54167,3PI,0,
,PS1,3PI,GPC1,PS1,y,OPTICAL,INFRARED,2028.019,,rings.v3.skycell.2028.019.stk.y,87.8556852749354,32.5740716573307,3,55241.262797,590,57741.54167,3PI,0
,PS1,3PI,GPC1,PS1,z,OPTICAL,2028.019,,rings.v3.skycell.2028.019.stk.z,87.8556852749354,32.5740716573307,3,55482.6324463,390,57741.54167,3PI,0,
,PS1,3PI,GPC1,PS1,g,OPTICAL,2028.008,,rings.v3.skycell.2028.008.stk.g,88.3395604987921,32.1793997782949,3,55560.5017823,1081,57741.54167,3PI,574.914813183051,
,PS1,3PI,GPC1,PS1,i,OPTICAL,2028.008,,rings.v3.skycell.2028.008.stk.i,88.3395604987921,32.1793997782949,3,55547.4062311,945,57741.54167,3PI,574.914813183051,
,PS1,3PI,GPC1,PS1,r,OPTICAL,2028.008,,rings.v3.skycell.2028.008.stk.r,88.3395604987921,32.1793997782949,3,55173.4286543,1231,57741.54167,3PI,574.914813183051,
,PS1,3PI,GPC1,PS1,y,OPTICAL,INFRARED,2028.008,,rings.v3.skycell.2028.008.stk.y,88.3395604987921,32.1793997782949,3,55241.2644041,740,57741.54167,3PI,574.914813183051
,PS1,3PI,GPC1,PS1,z,OPTICAL,2028.008,,rings.v3.skycell.2028.008.stk.z,88.3395604987921,32.1793997782949,3,55482.6324463,480,57741.54167,3PI,574.914813183051,
,PS1,3PI,GPC1,PS1,g,OPTICAL,2028.009,,rings.v3.skycell.2028.009.stk.g,87.8656206439883,32.1723227583803,3,55560.5024288,823,57741.54167,3PI,574.915929220522,
,PS1,3PI,GPC1,PS1,i,OPTICAL,2028.009,,rings.v3.skycell.2028.009.stk.i,87.8656206439883,32.1723227583803,3,55547.4062311,810,57741.54167,3PI,574.915929220522,
,PS1,3PI,GPC1,PS1,r,OPTICAL,2028.009,,rings.v3.skycell.2028.009.stk.r,87.8656206439883,32.1723227583803,3,55173.4269383,951,57741.54167,3PI,574.915929220522,
,PS1,3PI,GPC1,PS1,y,OPTICAL,INFRARED,2028.009,,rings.v3.skycell.2028.009.stk.y,87.8656206439883,32.1723227583803,3,55241.262797,700,57741.54167,3PI,574.915929220522
,PS1,3PI,GPC1,PS1,z,OPTICAL,2028.009,,rings.v3.skycell.2028.009.stk.z,87.8656206439883,32.1723227583803,3,55482.6324463,450,57741.54167,3PI,574.915929220522,
,HLSP,QLP,Photometer,TESS,TESS,Optical,308910819,,hlsp_qlp_tess_ffi_s0019-0000000308910819_tess_v01_llc,87.9640344068,32.7303638151,4,58815.59938382,1800,59181.05508,,719.837224552649,
,HLSP,QLP,Photometer,TESS,TESS,Optical,311910113,,hlsp_qlp_tess_ffi_s0019-0000000311910113_tess_v01_llc,88.0718613423,32.5759483459,4,58815.59938278,1800,59181.05508,,79.8550612355947,
,HLSP,QLP,Photometer,TESS,TESS,Optical,311910108,,hlsp_qlp_tess_ffi_s0019-0000000311910108_tess_v01_llc,88.0736826347,32.5768856339,4,58815.59938271,1800,59181.05508,,82.5149268849278,
,HLSP,QLP,Photometer,TESS,TESS,Optical,311910096,,hlsp_qlp_tess_ffi_s0019-0000000311910096_tess_v01_llc,88.0689226784,32.5794076954,4,58815.59938282,1800,59181.05508,,93.8131966170333,
,HLSP,QLP,Photometer,TESS,TESS,Optical,311910086,,hlsp_qlp_tess_ffi_s0019-0000000311910086_tess_v01_llc,88.0608971751,32.5812314863,4,58815.59938305,1800,59181.05508,,108.102888675785,
,HLSP,QLP,Photometer,TESS,TESS,Optical,311910245,,hlsp_qlp_tess_ffi_s0019-0000000311910245_tess_v01_llc,88.0784965785,32.5528100326,4,58815.59938292,1800,59181.05508,,2.32794556005225,
,HLSP,QLP,Photometer,TESS,TESS,Optical,723273164,,hlsp_qlp_tess_ffi_s0019-0000000723273164_tess_v01_llc,88.0811801483,32.5536007981,4,58815.59938282,1800,59181.64557,,10.559850658383,
,HLSP,QLP,Photometer,TESS,TESS,Optical,311910266,,hlsp_qlp_tess_ffi_s0019-0000000311910266_tess_v01_llc,88.0719186133,32.5490502683,4,58815.59938319,1800,59181.05508,,15.7364230532014,
,HLSP,QLP,Photometer,TESS,TESS,Optical,311910276,,hlsp_qlp_tess_ffi_s0019-0000000311910276_tess_v01_llc,88.0764352466,32.5474165519,4,58815.59938307,1800,59181.05508,,16.0921612548826,
,HLSP,QLP,Photometer,TESS,TESS,Optical,311910230,,hlsp_qlp_tess_ffi_s0019-0000000311910230_tess_v01_llc,88.0849762923,32.5554876526,4,58815.59938268,1800,59181.05508,,23.4548876675282,
,HLSP,QLP,Photometer,TESS,TESS,Optical,311910272,,hlsp_qlp_tess_ffi_s0019-0000000311910272_tess_v01_llc,88.0677975793,32.5482991793,4,58815.59938333,1800,59181.05508,,27.2457274646541,
,HLSP,QLP,Photometer,TESS,TESS,Optical,311910199,,hlsp_qlp_tess_ffi_s0019-0000000311910199_tess_v01_llc,88.069228642,32.5601480818,4,58815.5993831,1800,59181.05508,,29.8078508369147,
,HLSP,QLP,Photometer,TESS,TESS,Optical,311910214,,hlsp_qlp_tess_ffi_s0019-0000000311910214_tess_v01_llc,88.0872012528,32.5577147475,4,58815.59938257,1800,59181.05508,,32.8668640816726,
,HLSP,QLP,Photometer,TESS,TESS,Optical,311910179,,hlsp_qlp_tess_ffi_s0019-0000000311910179_tess_v01_llc,88.0714163884,32.5633440229,4,58815.59938299,1800,59181.05508,,36.282891851536,
,HLSP,QLP,Photometer,TESS,TESS,Optical,311910178,,hlsp_qlp_tess_ffi_s0019-0000000311910178_tess_v01_llc,88.0846291843,32.5636890138,4,58815.59938256,1800,59181.05508,,41.8413003345986,
,HLSP,QLP,Photometer,TESS,TESS,Optical,311910319,,hlsp_qlp_tess_ffi_s0019-0000000311910319_tess_v01_llc,88.073068705,32.5403303813,4,58815.59938328,1800,59181.05508,,42.7278534953828,
,HLSP,QLP,Photometer,TESS,TESS,Optical,311910320,,hlsp_qlp_tess_ffi_s0019-0000000311910320_tess_v01_llc,88.0710275532,32.5402521438,4,58815.59938335,1800,59181.05508,,44.7109980460644,
,HLSP,QLP,Photometer,TESS,TESS,Optical,311910302,,hlsp_qlp_tess_ffi_s0019-0000000311910302_tess_v01_llc,88.0645384837,32.5433992124,4,58815.59938351,1800,59181.05508,,45.9769241391961,
,HLSP,QLP,Photometer,TESS,TESS,Optical,311910195,,hlsp_qlp_tess_ffi_s0019-0000000311910195_tess_v01_llc,88.0627375345,32.5609129422,4,58815.5993833,1800,59181.05508,,46.4922357350904,
,HLSP,QLP,Photometer,TESS,TESS,Optical,311910173,,hlsp_qlp_tess_ffi_s0019-0000000311910173_tess_v01_llc,88.0675282865,32.5648549399,4,58815.59938309,1800,59181.05508,,46.6148417116047,
,HLSP,QLP,Photometer,TESS,TESS,Optical,311910330,,hlsp_qlp_tess_ffi_s0019-0000000311910330_tess_v01_llc,88.0789113343,32.5382692113,4,58815.59938313,1800,59181.05508,,49.5256709845658,
,HLSP,QLP,Photometer,TESS,TESS,Optical,311910307,,hlsp_qlp_tess_ffi_s0019-0000000311910307_tess_v01_llc,88.0624332907,32.5427225934,4,58815.59938359,1800,59181.05508,,52.3603344506143,
,HLSP,QLP,Photometer,TESS,TESS,Optical,311910165,,hlsp_qlp_tess_ffi_s0019-0000000311910165_tess_v01_llc,88.0886661462,32.5656701229,4,58815.5993824,1800,59181.05508,,54.8752861166814,
,HLSP,QLP,Photometer,TESS,TESS,Optical,723272955,,hlsp_qlp_tess_ffi_s0019-0000000723272955_tess_v01_llc,88.0781179807,32.536675913,4,58815.59938318,1800,59181.64557,,54.9517928356975,
,HLSP,QLP,Photometer,TESS,TESS,Optical,311910171,,hlsp_qlp_tess_ffi_s0019-0000000311910171_tess_v01_llc,88.0918132347,32.5651079518,4,58815.59938231,1800,59181.05508,,59.8989900231677,
,HLSP,QLP,Photometer,TESS,TESS,Optical,311910144,,hlsp_qlp_tess_ffi_s0019-0000000311910144_tess_v01_llc,88.0810725484,32.570931208,4,58815.59938256,1800,59181.05508,,62.1256071059591,
,HLSP,QLP,Photometer,TESS,TESS,Optical,311910342,,hlsp_qlp_tess_ffi_s0019-0000000311910342_tess_v01_llc,88.0837943911,32.5353512802,4,58815.59938302,1800,59181.05508,,63.3804419600134,
,HLSP,QLP,Photometer,TESS,TESS,Optical,311910280,,hlsp_qlp_tess_ffi_s0019-0000000311910280_tess_v01_llc,88.0979037184,32.5467125135,4,58815.5993824,1800,59181.05508,,64.9743134815523,
,HLSP,QLP,Photometer,TESS,TESS,Optical,311910297,,hlsp_qlp_tess_ffi_s0019-0000000311910297_tess_v01_llc,88.0553044465,32.5449385454,4,58815.59938378,1800,59181.05508,,66.3825821917296,
,HLSP,QLP,Photometer,TESS,TESS,Optical,311910162,,hlsp_qlp_tess_ffi_s0019-0000000311910162_tess_v01_llc,88.0931452655,32.5665935495,4,58815.59938225,1800,59181.05508,,66.5218462463638,
,HLSP,QLP,Photometer,TESS,TESS,Optical,311910267,,hlsp_qlp_tess_ffi_s0019-0000000311910267_tess_v01_llc,88.0528894973,32.5489719249,4,58815.59938379,1800,59181.05508,,68.9969822725645,
,HLSP,QLP,Photometer,TESS,TESS,Optical,311910227,,hlsp_qlp_tess_ffi_s0019-0000000311910227_tess_v01_llc,88.1003176975,32.5558878819,4,58815.59938218,1800,59181.05508,,69.2103540558663,
,HLSP,QLP,Photometer,TESS,TESS,Optical,311910291,,hlsp_qlp_tess_ffi_s0019-0000000311910291_tess_v01_llc,88.0992377226,32.5457263273,4,58815.59938237,1800,59181.05508,,70.0064743625616,
,HLSP,QLP,Photometer,TESS,TESS,Optical,311910338,,hlsp_qlp_tess_ffi_s0019-0000000311910338_tess_v01_llc,88.0903211304,32.5360294033,4,58815.5993828,1800,59181.05508,,70.1932932492818,
,HLSP,QLP,Photometer,TESS,TESS,Optical,311910286,,hlsp_qlp_tess_ffi_s0019-0000000311910286_tess_v01_llc,88.0527088954,32.5459860421,4,58815.59938384,1800,59181.05508,,72.3136947804407,
,HLSP,QLP,Photometer,TESS,TESS,Optical,723273077,,hlsp_qlp_tess_ffi_s0019-0000000723273077_tess_v01_llc,88.051911299,32.5456303518,4,58815.59938388,1800,59181.64557,,75.0206723971932,
,HLSP,QLP,Photometer,TESS,TESS,Optical,723272956,,hlsp_qlp_tess_ffi_s0019-0000000723272956_tess_v01_llc,88.0825374088,32.5308752807,4,58815.59938313,1800,59181.64557,,77.7672902645326,
,HLSP,QLP,Photometer,TESS,TESS,Optical,311910334,,hlsp_qlp_tess_ffi_s0019-0000000311910334_tess_v01_llc,88.0567818188,32.537237186,4,58815.59938385,1800,59181.05508,,78.322562390054,
,HLSP,QLP,Photometer,TESS,TESS,Optical,311910157,,hlsp_qlp_tess_ffi_s0019-0000000311910157_tess_v01_llc,88.0548861353,32.5671718288,4,58815.59938345,1800,59181.05508,,79.0310784310404,
,HLSP,QLP,Photometer,TESS,TESS,Optical,311910265,,hlsp_qlp_tess_ffi_s0019-0000000311910265_tess_v01_llc,88.049358297,32.5490270328,4,58815.5993839,1800,59181.05508,,79.4702211722728,
,HLSP,QLP,Photometer,TESS,TESS,Optical,311910372,,hlsp_qlp_tess_ffi_s0019-0000000311910372_tess_v01_llc,88.0690965764,32.5305551317,4,58815.59938356,1800,59181.05508,,79.7880590654445,
,HLSP,QLP,Photometer,TESS,TESS,Optical,311910270,,hlsp_qlp_tess_ffi_s0019-0000000311910270_tess_v01_llc,88.047888096,32.5483233114,4,58815.59938396,1800,59181.05508,,84.3311545742359,
,HLSP,QLP,Photometer,TESS,TESS,Optical,311910384,,hlsp_qlp_tess_ffi_s0019-0000000311910384_tess_v01_llc,88.0694294607,32.5276369885,4,58815.59938359,1800,59181.05508,,89.7329633582268,
,HLSP,QLP,Photometer,TESS,TESS,Optical,311910142,,hlsp_qlp_tess_ffi_s0019-0000000311910142_tess_v01_llc,88.0543214799,32.5712708226,4,58815.59938341,1800,59181.05508,,90.0018878014006,
,HLSP,QLP,Photometer,TESS,TESS,Optical,723273062,,hlsp_qlp_tess_ffi_s0019-0000000723273062_tess_v01_llc,88.0627095482,32.5292260461,4,58815.59938378,1800,59181.64557,,91.1990002353699,
,HLSP,QLP,Photometer,TESS,TESS,Optical,311910382,,hlsp_qlp_tess_ffi_s0019-0000000311910382_tess_v01_llc,88.0628524521,32.5280027936,4,58815.5993838,1800,59181.05508,,94.9829915837999,
,HLSP,QLP,Photometer,TESS,TESS,Optical,311910381,,hlsp_qlp_tess_ffi_s0019-0000000311910381_tess_v01_llc,88.0904000605,32.5280659837,4,58815.59938292,1800,59181.05508,,95.2400032379558,
,HLSP,QLP,Photometer,TESS,TESS,Optical,311910379,,hlsp_qlp_tess_ffi_s0019-0000000311910379_tess_v01_llc,88.092163206,32.5285329425,4,58815.59938286,1800,59181.05508,,96.1460983676363,
,HLSP,QLP,Photometer,TESS,TESS,Optical,311910088,,hlsp_qlp_tess_ffi_s0019-0000000311910088_tess_v01_llc,88.0742237107,32.5810101763,4,58815.59938263,1800,59181.05508,,97.157457366363,
,HLSP,QLP,Photometer,TESS,TESS,Optical,311910398,,hlsp_qlp_tess_ffi_s0019-0000000311910398_tess_v01_llc,88.0673556106,32.5253540529,4,58815.59938369,1800,59181.05508,,99.2428206299241,
,HLSP,QLP,Photometer,TESS,TESS,Optical,311910326,,hlsp_qlp_tess_ffi_s0019-0000000311910326_tess_v01_llc,88.0460174728,32.5387101918,4,58815.59938417,1800,59181.05508,,101.686216581308,
,HLSP,QLP,Photometer,TESS,TESS,Optical,311910216,,hlsp_qlp_tess_ffi_s0019-0000000311910216_tess_v01_llc,88.0419340871,32.5574662954,4,58815.59938401,1800,59181.05508,,101.983891738534,
,HLSP,QLP,Photometer,TESS,TESS,Optical,311992786,,hlsp_qlp_tess_ffi_s0019-0000000311992786_tess_v01_llc,88.1113785605,32.5529764237,4,58815.59938187,1800,59181.05508,,102.105631998859,
,HLSP,QLP,Photometer,TESS,TESS,Optical,311910121,,hlsp_qlp_tess_ffi_s0019-0000000311910121_tess_v01_llc,88.0523039554,32.5745908895,4,58815.59938342,1800,59181.05508,,102.817498847983,
,HLSP,QLP,Photometer,TESS,TESS,Optical,311910409,,hlsp_qlp_tess_ffi_s0019-0000000311910409_tess_v01_llc,88.0730261046,32.5231646127,4,58815.59938355,1800,59181.05508,,103.953673209506,
,HLSP,QLP,Photometer,TESS,TESS,Optical,311910346,,hlsp_qlp_tess_ffi_s0019-0000000311910346_tess_v01_llc,88.0476633899,32.5346282604,4,58815.59938418,1800,59181.05508,,105.600269211395,
,HLSP,QLP,Photometer,TESS,TESS,Optical,311910075,,hlsp_qlp_tess_ffi_s0019-0000000311910075_tess_v01_llc,88.074086799,32.5834775692,4,58815.5993826,1800,59181.05508,,106.046826683,
,HLSP,QLP,Photometer,TESS,TESS,Optical,311910133,,hlsp_qlp_tess_ffi_s0019-0000000311910133_tess_v01_llc,88.0492199615,32.5732098095,4,58815.59938354,1800,59181.05508,,106.115349819852,
,HLSP,QLP,Photometer,TESS,TESS,Optical,311910240,,hlsp_qlp_tess_ffi_s0019-0000000311910240_tess_v01_llc,88.0399248458,32.5538526687,4,58815.59938413,1800,59181.05508,,106.846861362894,
,HLSP,QLP,Photometer,TESS,TESS,Optical,311992810,,hlsp_qlp_tess_ffi_s0019-0000000311992810_tess_v01_llc,88.1134354959,32.559050157,4,58815.59938172,1800,59181.05508,,110.357033807951,
,HLSP,QLP,Photometer,TESS,TESS,Optical,311910419,,hlsp_qlp_tess_ffi_s0019-0000000311910419_tess_v01_llc,88.0758693682,32.5211459458,4,58815.59938349,1800,59181.05508,,110.681389248353,
,HLSP,QLP,Photometer,TESS,TESS,Optical,311910071,,hlsp_qlp_tess_ffi_s0019-0000000311910071_tess_v01_llc,88.0850405459,32.5842825322,4,58815.59938224,1800,59181.05508,,111.666797153317,
,HLSP,QLP,Photometer,TESS,TESS,Optical,311910365,,hlsp_qlp_tess_ffi_s0019-0000000311910365_tess_v01_llc,88.0480539327,32.5314030507,4,58815.59938421,1800,59181.05508,,112.041095896664,
,HLSP,QLP,Photometer,TESS,TESS,Optical,311910211,,hlsp_qlp_tess_ffi_s0019-0000000311910211_tess_v01_llc,88.038477422,32.5579947014,4,58815.59938411,1800,59181.05508,,112.641287674076,
,HLSP,QLP,Photometer,TESS,TESS,Optical,311910066,,hlsp_qlp_tess_ffi_s0019-0000000311910066_tess_v01_llc,88.0723499261,32.5851958798,4,58815.59938262,1800,59181.05508,,112.690510288827,
,HLSP,QLP,Photometer,TESS,TESS,Optical,311910112,,hlsp_qlp_tess_ffi_s0019-0000000311910112_tess_v01_llc,88.0491785003,32.5760972058,4,58815.5993835,1800,59181.05508,,113.313267918286,
,HLSP,QLP,Photometer,TESS,TESS,Optical,311910299,,hlsp_qlp_tess_ffi_s0019-0000000311910299_tess_v01_llc,88.0380202628,32.5442774934,4,58815.59938434,1800,59181.05508,,116.78273445966,
,HLSP,QLP,Photometer,TESS,TESS,Optical,311992834,,hlsp_qlp_tess_ffi_s0019-0000000311992834_tess_v01_llc,88.1135248432,32.5664139712,4,58815.5993816,1800,59181.05508,,118.540406333098,
,HLSP,QLP,Photometer,TESS,TESS,Optical,311992799,,hlsp_qlp_tess_ffi_s0019-0000000311992799_tess_v01_llc,88.116778977,32.5567480736,4,58815.59938164,1800,59181.05508,,119.168687844841,
,HLSP,QLP,Photometer,TESS,TESS,Optical,311910427,,hlsp_qlp_tess_ffi_s0019-0000000311910427_tess_v01_llc,88.0638950232,32.5199648659,4,58815.59938388,1800,59181.05508,,120.838141077367,
,HLSP,QLP,Photometer,TESS,TESS,Optical,311992794,,hlsp_qlp_tess_ffi_s0019-0000000311992794_tess_v01_llc,88.1175327328,32.5548053399,4,58815.59938165,1800,59181.05508,,120.913447681297,
,HLSP,QLP,Photometer,TESS,TESS,Optical,311910439,,hlsp_qlp_tess_ffi_s0019-0000000311910439_tess_v01_llc,88.067626362,32.5188740742,4,58815.59938378,1800,59181.05508,,121.717106960024,
,HLSP,QLP,Photometer,TESS,TESS,Optical,311910060,,hlsp_qlp_tess_ffi_s0019-0000000311910060_tess_v01_llc,88.0610335585,32.5859944352,4,58815.59938297,1800,59181.05508,,123.686735832658,
,HLSP,QLP,Photometer,TESS,TESS,Optical,311910078,,hlsp_qlp_tess_ffi_s0019-0000000311910078_tess_v01_llc,88.0998496594,32.5825032709,4,58815.59938179,1800,59181.05508,,123.80901807742,
,HLSP,QLP,Photometer,TESS,TESS,Optical,311910441,,hlsp_qlp_tess_ffi_s0019-0000000311910441_tess_v01_llc,88.0853991618,32.5183028535,4,58815.59938323,1800,59181.05508,,123.82467518929,
,HLSP,QLP,Photometer,TESS,TESS,Optical,311910349,,hlsp_qlp_tess_ffi_s0019-0000000311910349_tess_v01_llc,88.0404310753,32.5339063787,4,58815.59938442,1800,59181.05508,,125.121155250315,
,HLSP,QLP,Photometer,TESS,TESS,Optical,311910443,,hlsp_qlp_tess_ffi_s0019-0000000311910443_tess_v01_llc,88.065393367,32.5180873182,4,58815.59938386,1800,59181.05508,,126.051527136534,
,HLSP,QLP,Photometer,TESS,TESS,Optical,311992773,,hlsp_qlp_tess_ffi_s0019-0000000311992773_tess_v01_llc,88.1193664247,32.5510941386,4,58815.59938165,1800,59181.05508,,126.487472112139,
,HLSP,QLP,Photometer,TESS,TESS,Optical,311910436,,hlsp_qlp_tess_ffi_s0019-0000000311910436_tess_v01_llc,88.0920427658,32.5190660275,4,58815.599383,1800,59181.05508,,127.03439731519,
,HLSP,QLP,Photometer,TESS,TESS,Optical,311910180,,hlsp_qlp_tess_ffi_s0019-0000000311910180_tess_v01_llc,88.1182923484,32.5631847991,4,58815.5993815,1800,59181.05508,,128.198082201363,
,HLSP,QLP,Photometer,TESS,TESS,Optical,723273006,,hlsp_qlp_tess_ffi_s0019-0000000723273006_tess_v01_llc,88.1179505897,32.5641469972,4,58815.5993815,1800,59181.64557,,128.222051847355,
,HLSP,QLP,Photometer,TESS,TESS,Optical,311910175,,hlsp_qlp_tess_ffi_s0019-0000000311910175_tess_v01_llc,88.118028,32.564056,4,58815.59938149,1800,59181.05508,,128.345745729203,
,HLSP,QLP,Photometer,TESS,TESS,Optical,311992787,,hlsp_qlp_tess_ffi_s0019-0000000311992787_tess_v01_llc,88.1203944189,32.5531431223,4,58815.59938158,1800,59181.05508,,129.463537786687,
,HLSP,QLP,Photometer,TESS,TESS,Optical,311910444,,hlsp_qlp_tess_ffi_s0019-0000000311910444_tess_v01_llc,88.0925258824,32.5179865157,4,58815.599383,1800,59181.05508,,131.188102496382,
,HLSP,QLP,Photometer,TESS,TESS,Optical,311992805,,hlsp_qlp_tess_ffi_s0019-0000000311992805_tess_v01_llc,88.120871998,32.5580347454,4,58815.59938149,1800,59181.05508,,132.051033703103,
,HLSP,QLP,Photometer,TESS,TESS,Optical,311910037,,hlsp_qlp_tess_ffi_s0019-0000000311910037_tess_v01_llc,88.0712464755,32.5906359354,4,58815.59938258,1800,59181.05508,,132.519007978223,
,HLSP,QLP,Photometer,TESS,TESS,Optical,311910456,,hlsp_qlp_tess_ffi_s0019-0000000311910456_tess_v01_llc,88.0873949939,32.5157853664,4,58815.5993832,1800,59181.05508,,134.041379305565,
,HLSP,QLP,Photometer,TESS,TESS,Optical,311910038,,hlsp_qlp_tess_ffi_s0019-0000000311910038_tess_v01_llc,88.0873862211,32.5902195873,4,58815.59938207,1800,59181.05508,,134.118671612924,
,HLSP,QLP,Photometer,TESS,TESS,Optical,311910313,,hlsp_qlp_tess_ffi_s0019-0000000311910313_tess_v01_llc,88.0330133391,32.5413531943,4,58815.59938454,1800,59181.05508,,134.306911732768,
,HLSP,QLP,Photometer,TESS,TESS,Optical,311910055,,hlsp_qlp_tess_ffi_s0019-0000000311910055_tess_v01_llc,88.0546132262,32.58689914,4,58815.59938316,1800,59181.05508,,134.945500762348,
,HLSP,QLP,Photometer,TESS,TESS,Optical,311910158,,hlsp_qlp_tess_ffi_s0019-0000000311910158_tess_v01_llc,88.0336118608,32.5671052488,4,58815.59938413,1800,59181.05508,,135.534753646619,
,HLSP,QLP,Photometer,TESS,TESS,Optical,311910259,,hlsp_qlp_tess_ffi_s0019-0000000311910259_tess_v01_llc,88.0305245143,32.5502222878,4,58815.59938448,1800,59181.05508,,135.695343550594,
,HLSP,QLP,Photometer,TESS,TESS,Optical,311992724,,hlsp_qlp_tess_ffi_s0019-0000000311992724_tess_v01_llc,88.1203981635,32.5405283165,4,58815.59938178,1800,59181.05508,,136.765650977329,
,HLSP,QLP,Photometer,TESS,TESS,Optical,311910391,,hlsp_qlp_tess_ffi_s0019-0000000311910391_tess_v01_llc,88.0421400448,32.5266063058,4,58815.59938447,1800,59181.05508,,136.935920961831,
,HLSP,QLP,Photometer,TESS,TESS,Optical,311910063,,hlsp_qlp_tess_ffi_s0019-0000000311910063_tess_v01_llc,88.049327797,32.585377128,4,58815.59938335,1800,59181.05508,,138.717189661947,
,HLSP,QLP,Photometer,TESS,TESS,Optical,311910463,,hlsp_qlp_tess_ffi_s0019-0000000311910463_tess_v01_llc,88.0656348939,32.5143244938,4,58815.59938391,1800,59181.05508,,139.02090774221,
,HLSP,QLP,Photometer,TESS,TESS,Optical,311992777,,hlsp_qlp_tess_ffi_s0019-0000000311992777_tess_v01_llc,88.124174543,32.5516408238,4,58815.59938149,1800,59181.05508,,140.992397484838,
,HLSP,QLP,Photometer,TESS,TESS,Optical,311910358,,hlsp_qlp_tess_ffi_s0019-0000000311910358_tess_v01_llc,88.0351779579,32.5325849582,4,58815.5993846,1800,59181.05508,,141.202430979476,
,HLSP,QLP,Photometer,TESS,TESS,Optical,311910474,,hlsp_qlp_tess_ffi_s0019-0000000311910474_tess_v01_llc,88.0752619575,32.5122024105,4,58815.59938364,1800,59181.05508,,142.913058636916,
,HLSP,QLP,Photometer,TESS,TESS,Optical,311910040,,hlsp_qlp_tess_ffi_s0019-0000000311910040_tess_v01_llc,88.0977043341,32.5896707497,4,58815.59938175,1800,59181.05508,,142.97628562925,
,HLSP,QLP,Photometer,TESS,TESS,Optical,311910057,,hlsp_qlp_tess_ffi_s0019-0000000311910057_tess_v01_llc,88.048467498,32.5863512042,4,58815.59938336,1800,59181.05508,,143.08653156277,
,HLSP,QLP,Photometer,TESS,TESS,Optical,311910392,,hlsp_qlp_tess_ffi_s0019-0000000311910392_tess_v01_llc,88.0392288931,32.5263301362,4,58815.59938457,1800,59181.05508,,144.241246625988,
,HLSP,QLP,Photometer,TESS,TESS,Optical,311910023,,hlsp_qlp_tess_ffi_s0019-0000000311910023_tess_v01_llc,88.0663034839,32.5937178955,4,58815.59938269,1800,59181.05508,,145.834233332928,
,HLSP,QLP,Photometer,TESS,TESS,Optical,311910138,,hlsp_qlp_tess_ffi_s0019-0000000311910138_tess_v01_llc,88.0323393923,32.5717306257,4,58815.5993841,1800,59181.05508,,145.856910360951,
,HLSP,QLP,Photometer,TESS,TESS,Optical,311910408,,hlsp_qlp_tess_ffi_s0019-0000000311910408_tess_v01_llc,88.0408472786,32.5233074126,4,58815.59938456,1800,59181.05508,,147.951028892715,
,HLSP,QLP,Photometer,TESS,TESS,Optical,311992721,,hlsp_qlp_tess_ffi_s0019-0000000311992721_tess_v01_llc,88.1248556729,32.5398028835,4,58815.59938164,1800,59181.05508,,150.425483027586,
,HLSP,QLP,Photometer,TESS,TESS,Optical,311992706,,hlsp_qlp_tess_ffi_s0019-0000000311992706_tess_v01_llc,88.1242425257,32.5374464556,4,58815.5993817,1800,59181.05508,,151.535326352604,
,HLSP,QLP,Photometer,TESS,TESS,Optical,311992680,,hlsp_qlp_tess_ffi_s0019-0000000311992680_tess_v01_llc,88.1208783939,32.5312321802,4,58815.5993819,1800,59181.05508,,151.978992062555,
,HLSP,QLP,Photometer,TESS,TESS,Optical,311910356,,hlsp_qlp_tess_ffi_s0019-0000000311910356_tess_v01_llc,88.0303187273,32.5327183206,4,58815.59938476,1800,59181.05508,,153.857717912212,
,HLSP,QLP,Photometer,TESS,TESS,Optical,311910232,,hlsp_qlp_tess_ffi_s0019-0000000311910232_tess_v01_llc,88.0237130309,32.555249087,4,58815.59938462,1800,59181.05508,,156.205515655425,
,HLSP,QLP,Photometer,TESS,TESS,Optical,311910484,,hlsp_qlp_tess_ffi_s0019-0000000311910484_tess_v01_llc,88.0629067105,32.509265435,4,58815.59938408,1800,59181.05508,,158.686620566127,
,HLSP,QLP,Photometer,TESS,TESS,Optical,311992654,,hlsp_qlp_tess_ffi_s0019-0000000311992654_tess_v01_llc,88.1188303615,32.5251687588,4,58815.59938206,1800,59181.05508,,159.042622810646,
,HLSP,QLP,Photometer,TESS,TESS,Optical,311992660,,hlsp_qlp_tess_ffi_s0019-0000000311992660_tess_v01_llc,88.1211958817,32.5268735379,4,58815.59938196,1800,59181.05508,,161.194346674513,
,HLSP,QLP,Photometer,TESS,TESS,Optical,311992883,,hlsp_qlp_tess_ffi_s0019-0000000311992883_tess_v01_llc,88.1234449686,32.5776426937,4,58815.59938112,1800,59181.05508,,163.983862581705,
,HLSP,QLP,Photometer,TESS,TESS,Optical,311910014,,hlsp_qlp_tess_ffi_s0019-0000000311910014_tess_v01_llc,88.1017397188,32.5947909102,4,58815.59938154,1800,59181.05508,,164.931819281383,
,HLSP,QLP,Photometer,TESS,TESS,Optical,311992749,,hlsp_qlp_tess_ffi_s0019-0000000311992749_tess_v01_llc,88.1315713995,32.5458261103,4,58815.59938134,1800,59181.05508,,165.281091667893,
,HLSP,QLP,Photometer,TESS,TESS,Optical,311910069,,hlsp_qlp_tess_ffi_s0019-0000000311910069_tess_v01_llc,88.0353424623,32.5848958734,4,58815.5993838,1800,59181.05508,,165.544967416362,
,HLSP,QLP,Photometer,TESS,TESS,Optical,311910355,,hlsp_qlp_tess_ffi_s0019-0000000311910355_tess_v01_llc,88.0259574759,32.5327811939,4,58815.59938489,1800,59181.05508,,165.600117529416,
,HLSP,QLP,Photometer,TESS,TESS,Optical,311992687,,hlsp_qlp_tess_ffi_s0019-0000000311992687_tess_v01_llc,88.1267920791,32.5324933634,4,58815.59938169,1800,59181.05508,,165.754460101534,
,HLSP,QLP,Photometer,TESS,TESS,Optical,311910233,,hlsp_qlp_tess_ffi_s0019-0000000311910233_tess_v01_llc,88.0203798451,32.5550803414,4,58815.59938473,1800,59181.05508,,166.278324408718,
,HLSP,QLP,Photometer,TESS,TESS,Optical,311909998,,hlsp_qlp_tess_ffi_s0019-0000000311909998_tess_v01_llc,88.0743648748,32.6006679044,4,58815.59938232,1800,59181.05508,,167.796720244455,
,HLSP,QLP,Photometer,TESS,TESS,Optical,311992733,,hlsp_qlp_tess_ffi_s0019-0000000311992733_tess_v01_llc,88.1317071967,32.5418986573,4,58815.59938139,1800,59181.05508,,168.402974490953,
,HLSP,QLP,Photometer,TESS,TESS,Optical,311992778,,hlsp_qlp_tess_ffi_s0019-0000000311992778_tess_v01_llc,88.1334153406,32.5517180766,4,58815.59938119,1800,59181.05508,,169.0170275409,
,HLSP,QLP,Photometer,TESS,TESS,Optical,311910468,,hlsp_qlp_tess_ffi_s0019-0000000311910468_tess_v01_llc,88.0437640933,32.513103701,4,58815.59938463,1800,59181.05508,,170.544206536858,
,HLSP,QLP,Photometer,TESS,TESS,Optical,311910251,,hlsp_qlp_tess_ffi_s0019-0000000311910251_tess_v01_llc,88.0183163623,32.5509403011,4,58815.59938486,1800,59181.05508,,172.53139932998,
,HLSP,QLP,Photometer,TESS,TESS,Optical,311992886,,hlsp_qlp_tess_ffi_s0019-0000000311992886_tess_v01_llc,88.127760255,32.5779202678,4,58815.59938097,1800,59181.05508,,175.742278936913,
,HLSP,QLP,Photometer,TESS,TESS,Optical,311910503,,hlsp_qlp_tess_ffi_s0019-0000000311910503_tess_v01_llc,88.0748873458,32.5028362556,4,58815.59938379,1800,59181.05508,,176.649916659269,
,HLSP,QLP,Photometer,TESS,TESS,Optical,311992903,,hlsp_qlp_tess_ffi_s0019-0000000311992903_tess_v01_llc,88.1253877311,32.5817840014,4,58815.59938099,1800,59181.05508,,177.104383216126,
,HLSP,QLP,Photometer,TESS,TESS,Optical,311910414,,hlsp_qlp_tess_ffi_s0019-0000000311910414_tess_v01_llc,88.0292837989,32.5221154478,4,58815.59938495,1800,59181.05508,,177.271746047639,
,HLSP,QLP,Photometer,TESS,TESS,Optical,311910500,,hlsp_qlp_tess_ffi_s0019-0000000311910500_tess_v01_llc,88.0657123715,32.503086725,4,58815.59938408,1800,59181.05508,,178.615870702357,
,HLSP,QLP,Photometer,TESS,TESS,Optical,311992700,,hlsp_qlp_tess_ffi_s0019-0000000311992700_tess_v01_llc,88.13524357,32.5368174064,4,58815.59938136,1800,59181.05508,,183.731292889372,
,HLSP,QLP,Photometer,TESS,TESS,Optical,311910498,,hlsp_qlp_tess_ffi_s0019-0000000311910498_tess_v01_llc,88.0490191687,32.5060598723,4,58815.59938457,1800,59181.05508,,184.378072617711,
,HLSP,QLP,Photometer,TESS,TESS,Optical,311909977,,hlsp_qlp_tess_ffi_s0019-0000000311909977_tess_v01_llc,88.0681415311,32.605784637,4,58815.59938244,1800,59181.05508,,187.788370509897,
,HLSP,QLP,Photometer,TESS,TESS,Optical,311992864,,hlsp_qlp_tess_ffi_s0019-0000000311992864_tess_v01_llc,88.1360845388,32.5725378569,4,58815.59938079,1800,59181.05508,,190.221001019556,
,HLSP,QLP,Photometer,TESS,TESS,Optical,311992898,,hlsp_qlp_tess_ffi_s0019-0000000311992898_tess_v01_llc,88.1318083841,32.5800717311,4,58815.59938081,1800,59181.05508,,190.24884594708,
,HLSP,QLP,Photometer,TESS,TESS,Optical,311992939,,hlsp_qlp_tess_ffi_s0019-0000000311992939_tess_v01_llc,88.1225459077,32.5906813681,4,58815.59938095,1800,59181.05508,,190.916709712578,
,HLSP,QLP,Photometer,TESS,TESS,Optical,311992755,,hlsp_qlp_tess_ffi_s0019-0000000311992755_tess_v01_llc,88.1415095188,32.5478330586,4,58815.59938099,1800,59181.05508,,194.351844918564,
,HLSP,QLP,Photometer,TESS,TESS,Optical,311910525,,hlsp_qlp_tess_ffi_s0019-0000000311910525_tess_v01_llc,88.0703851277,32.4981418064,4,58815.59938401,1800,59181.05508,,194.386325740805,
,HLSP,QLP,Photometer,TESS,TESS,Optical,311909965,,hlsp_qlp_tess_ffi_s0019-0000000311909965_tess_v01_llc,88.0755990327,32.6082049026,4,58815.59938217,1800,59181.05508,,194.818197668169,
,HLSP,QLP,Photometer,TESS,TESS,Optical,311910260,,hlsp_qlp_tess_ffi_s0019-0000000311910260_tess_v01_llc,88.0109413712,32.5499956408,4,58815.59938511,1800,59181.05508,,195.051786635775,
,HLSP,QLP,Photometer,TESS,TESS,Optical,311992632,,hlsp_qlp_tess_ffi_s0019-0000000311992632_tess_v01_llc,88.1274177602,32.5179647474,4,58815.59938189,1800,59181.05508,,195.597408278038,
,HLSP,QLP,Photometer,TESS,TESS,Optical,311992856,,hlsp_qlp_tess_ffi_s0019-0000000311992856_tess_v01_llc,88.138874579,32.5706073692,4,58815.59938073,1800,59181.05508,,195.795277432013,
,HLSP,QLP,Photometer,TESS,TESS,Optical,311910485,,hlsp_qlp_tess_ffi_s0019-0000000311910485_tess_v01_llc,88.0336717708,32.5092698008,4,58815.59938501,1800,59181.05508,,200.020234861064,
,HLSP,QLP,Photometer,TESS,TESS,Optical,311909993,,hlsp_qlp_tess_ffi_s0019-0000000311909993_tess_v01_llc,88.0419529865,32.601659949,4,58815.59938334,1800,59181.05508,,200.146716735589,
,HLSP,QLP,Photometer,TESS,TESS,Optical,311910508,,hlsp_qlp_tess_ffi_s0019-0000000311910508_tess_v01_llc,88.0464670582,32.5020461331,4,58815.59938471,1800,59181.05508,,200.766448284477,
,HLSP,QLP,Photometer,TESS,TESS,Optical,311992798,,hlsp_qlp_tess_ffi_s0019-0000000311992798_tess_v01_llc,88.1441146116,32.5561258795,4,58815.59938078,1800,59181.05508,,201.708422104628,
,HLSP,QLP,Photometer,TESS,TESS,Optical,311910467,,hlsp_qlp_tess_ffi_s0019-0000000311910467_tess_v01_llc,88.027760419,32.5131689459,4,58815.59938513,1800,59181.05508,,201.87338622461,
,HLSP,QLP,Photometer,TESS,TESS,Optical,311910188,,hlsp_qlp_tess_ffi_s0019-0000000311910188_tess_v01_llc,88.0089842081,32.5621574726,4,58815.59938499,1800,59181.05508,,203.374140604719,
,HLSP,QLP,Photometer,TESS,TESS,Optical,311910448,,hlsp_qlp_tess_ffi_s0019-0000000311910448_tess_v01_llc,88.022656414,32.5170168789,4,58815.59938524,1800,59181.05508,,204.423204661957,
,HLSP,QLP,Photometer,TESS,TESS,Optical,311992857,,hlsp_qlp_tess_ffi_s0019-0000000311992857_tess_v01_llc,88.1422459114,32.5706234235,4,58815.59938062,1800,59181.05508,,205.53117225099,
,HLSP,QLP,Photometer,TESS,TESS,Optical,311992710,,hlsp_qlp_tess_ffi_s0019-0000000311992710_tess_v01_llc,88.143293159,32.538235324,4,58815.59938108,1800,59181.05508,,205.719891857736,
,HLSP,QLP,Photometer,TESS,TESS,Optical,311992966,,hlsp_qlp_tess_ffi_s0019-0000000311992966_tess_v01_llc,88.1199595042,32.5991310114,4,58815.5993809,1800,59181.05508,,208.227768954188,
,HLSP,QLP,Photometer,TESS,TESS,Optical,311910499,,hlsp_qlp_tess_ffi_s0019-0000000311910499_tess_v01_llc,88.0362411314,32.5046997903,4,58815.59938499,1800,59181.05508,,208.419144322723,
,HLSP,QLP,Photometer,TESS,TESS,Optical,311992616,,hlsp_qlp_tess_ffi_s0019-0000000311992616_tess_v01_llc,88.1279749083,32.5126915241,4,58815.59938196,1800,59181.05508,,209.364212092536,
,HLSP,QLP,Photometer,TESS,TESS,Optical,311992905,,hlsp_qlp_tess_ffi_s0019-0000000311992905_tess_v01_llc,88.1387371662,32.5825920509,4,58815.59938055,1800,59181.05508,,213.004697117199,
,HLSP,QLP,Photometer,TESS,TESS,Optical,311909949,,hlsp_qlp_tess_ffi_s0019-0000000311909949_tess_v01_llc,88.0702854459,32.613079476,4,58815.59938226,1800,59181.05508,,213.200220994154,
,HLSP,QLP,Photometer,TESS,TESS,Optical,311992855,,hlsp_qlp_tess_ffi_s0019-0000000311992855_tess_v01_llc,88.1451838999,32.5702932457,4,58815.59938053,1800,59181.05508,,213.693917212488,
,HLSP,QLP,Photometer,TESS,TESS,Optical,311910504,,hlsp_qlp_tess_ffi_s0019-0000000311910504_tess_v01_llc,88.0355186228,32.5026993607,4,58815.59938505,1800,59181.05508,,215.592319899954,
,HLSP,QLP,Photometer,TESS,TESS,Optical,311910025,,hlsp_qlp_tess_ffi_s0019-0000000311910025_tess_v01_llc,88.0213677119,32.5932646159,4,58815.59938412,1800,59181.05508,,217.245115701458,
,HLSP,QLP,Photometer,TESS,TESS,Optical,311992589,,hlsp_qlp_tess_ffi_s0019-0000000311992589_tess_v01_llc,88.1243319755,32.5060576174,4,58815.59938217,1800,59181.05508,,218.953030027047,
,HLSP,QLP,Photometer,TESS,TESS,Optical,311910538,,hlsp_qlp_tess_ffi_s0019-0000000311910538_tess_v01_llc,88.0530370777,32.4941378455,4,58815.59938462,1800,59181.05508,,219.459939984973,
,HLSP,QLP,Photometer,TESS,TESS,Optical,311909971,,hlsp_qlp_tess_ffi_s0019-0000000311909971_tess_v01_llc,88.0394146117,32.6073070985,4,58815.59938333,1800,59181.05508,,221.589717408364,
,HLSP,QLP,Photometer,TESS,TESS,Optical,311992795,,hlsp_qlp_tess_ffi_s0019-0000000311992795_tess_v01_llc,88.1508147273,32.5550558278,4,58815.59938059,1800,59181.05508,,221.867497623103,
,HLSP,QLP,Photometer,TESS,TESS,Optical,311910555,,hlsp_qlp_tess_ffi_s0019-0000000311910555_tess_v01_llc,88.0588155308,32.491234403,4,58815.59938448,1800,59181.05508,,224.678831118278,
,HLSP,QLP,Photometer,TESS,TESS,Optical,311909940,,hlsp_qlp_tess_ffi_s0019-0000000311909940_tess_v01_llc,88.0960656682,32.6145640954,4,58815.59938142,1800,59181.05508,,225.572276240656,
,HLSP,QLP,Photometer,TESS,TESS,Optical,311992872,,hlsp_qlp_tess_ffi_s0019-0000000311992872_tess_v01_llc,88.1485916103,32.5745474597,4,58815.59938036,1800,59181.05508,,228.295988417682,
,HLSP,QLP,Photometer,TESS,TESS,Optical,311992887,,hlsp_qlp_tess_ffi_s0019-0000000311992887_tess_v01_llc,88.1476709402,32.577948486,4,58815.59938034,1800,59181.05508,,230.11710250118,
,HLSP,QLP,Photometer,TESS,TESS,Optical,311910545,,hlsp_qlp_tess_ffi_s0019-0000000311910545_tess_v01_llc,88.0453069484,32.4934318578,4,58815.59938488,1800,59181.05508,,230.332397344389,
,HLSP,QLP,Photometer,TESS,TESS,Optical,311992870,,hlsp_qlp_tess_ffi_s0019-0000000311992870_tess_v01_llc,88.1497783838,32.5740698083,4,58815.59938033,1800,59181.05508,,231.12663089667,
,HLSP,QLP,Photometer,TESS,TESS,Optical,311910375,,hlsp_qlp_tess_ffi_s0019-0000000311910375_tess_v01_llc,88.004337,32.528763,4,58815.59938564,1800,59181.05508,,231.564469771081,
,HLSP,QLP,Photometer,TESS,TESS,Optical,311992568,,hlsp_qlp_tess_ffi_s0019-0000000311992568_tess_v01_llc,88.122083771,32.4999408645,4,58815.59938234,1800,59181.05508,,231.959182897456,
,HLSP,QLP,Photometer,TESS,TESS,Optical,311910351,,hlsp_qlp_tess_ffi_s0019-0000000311910351_tess_v01_llc,88.0016358164,32.5332744107,4,58815.59938566,1800,59181.05508,,233.876079864211,
,HLSP,QLP,Photometer,TESS,TESS,Optical,311992995,,hlsp_qlp_tess_ffi_s0019-0000000311992995_tess_v01_llc,88.1249902596,32.6056120414,4,58815.59938064,1800,59181.05508,,235.993079990118,
,HLSP,QLP,Photometer,TESS,TESS,Optical,311910323,,hlsp_qlp_tess_ffi_s0019-0000000311910323_tess_v01_llc,87.9982962897,32.5396460704,4,58815.59938567,1800,59181.05508,,238.036369927601,
,HLSP,QLP,Photometer,TESS,TESS,Optical,311910031,,hlsp_qlp_tess_ffi_s0019-0000000311910031_tess_v01_llc,88.0103973544,32.5921596546,4,58815.59938448,1800,59181.05508,,241.080606774998,
,HLSP,QLP,Photometer,TESS,TESS,Optical,311910527,,hlsp_qlp_tess_ffi_s0019-0000000311910527_tess_v01_llc,88.0281693096,32.4977640165,4,58815.59938535,1800,59181.05508,,242.990225165766,
,HLSP,QLP,Photometer,TESS,TESS,Optical,311910143,,hlsp_qlp_tess_ffi_s0019-0000000311910143_tess_v01_llc,87.996701155,32.571095487,4,58815.59938524,1800,59181.05508,,246.612293276908,
,HLSP,QLP,Photometer,TESS,TESS,Optical,311910473,,hlsp_qlp_tess_ffi_s0019-0000000311910473_tess_v01_llc,88.0094594852,32.5122446519,4,58815.59938573,1800,59181.05508,,246.773455378736,
,HLSP,QLP,Photometer,TESS,TESS,Optical,311992692,,hlsp_qlp_tess_ffi_s0019-0000000311992692_tess_v01_llc,88.1558870821,32.5336929415,4,58815.59938075,1800,59181.05508,,246.92070824755,
,HLSP,QLP,Photometer,TESS,TESS,Optical,311992663,,hlsp_qlp_tess_ffi_s0019-0000000311992663_tess_v01_llc,88.1536716405,32.5276058189,4,58815.59938091,1800,59181.05508,,247.624305809845,
,HLSP,QLP,Photometer,TESS,TESS,Optical,311910558,,hlsp_qlp_tess_ffi_s0019-0000000311910558_tess_v01_llc,88.0375112651,32.4907919939,4,58815.59938516,1800,59181.05508,,249.239993020003,
,HLSP,QLP,Photometer,TESS,TESS,Optical,311910015,,hlsp_qlp_tess_ffi_s0019-0000000311910015_tess_v01_llc,88.0092714823,32.59477662,4,58815.59938448,1800,59181.05508,,249.365046133454,
,HLSP,QLP,Photometer,TESS,TESS,Optical,311992774,,hlsp_qlp_tess_ffi_s0019-0000000311992774_tess_v01_llc,88.1599223378,32.5513575455,4,58815.59938035,1800,59181.05508,,249.460842560925,
,HLSP,QLP,Photometer,TESS,TESS,Optical,311909963,,hlsp_qlp_tess_ffi_s0019-0000000311909963_tess_v01_llc,88.0248078749,32.6084993862,4,58815.59938378,1800,59181.05508,,249.908891269749,
,HLSP,QLP,Photometer,TESS,TESS,Optical,311910526,,hlsp_qlp_tess_ffi_s0019-0000000311910526_tess_v01_llc,88.0238552392,32.4980744414,4,58815.59938549,1800,59181.05508,,250.092587335359,
,HLSP,QLP,Photometer,TESS,TESS,Optical,311992867,,hlsp_qlp_tess_ffi_s0019-0000000311992867_tess_v01_llc,88.158203964,32.5728206499,4,58815.59938008,1800,59181.05508,,254.15657672514,
,HLSP,QLP,Photometer,TESS,TESS,Optical,311910547,,hlsp_qlp_tess_ffi_s0019-0000000311910547_tess_v01_llc,88.0287093527,32.4932310229,4,58815.59938541,1800,59181.05508,,255.410453984033,
,HLSP,QLP,Photometer,TESS,TESS,Optical,311910239,,hlsp_qlp_tess_ffi_s0019-0000000311910239_tess_v01_llc,87.9905538797,32.5539170017,4,58815.59938569,1800,59181.05508,,256.634808099664,
,HLSP,QLP,Photometer,TESS,TESS,Optical,311992591,,hlsp_qlp_tess_ffi_s0019-0000000311992591_tess_v01_llc,88.1424521851,32.5064351531,4,58815.59938159,1800,59181.05508,,257.224522729948,
,HLSP,QLP,Photometer,TESS,TESS,Optical,311910046,,hlsp_qlp_tess_ffi_s0019-0000000311910046_tess_v01_llc,87.9994387602,32.5884762207,4,58815.59938489,1800,59181.05508,,262.270363036761,
,HLSP,QLP,Photometer,TESS,TESS,Optical,311992672,,hlsp_qlp_tess_ffi_s0019-0000000311992672_tess_v01_llc,88.1595484426,32.5292557541,4,58815.5993807,1800,59181.05508,,262.326870347994,
,HLSP,QLP,Photometer,TESS,TESS,Optical,311909896,,hlsp_qlp_tess_ffi_s0019-0000000311909896_tess_v01_llc,88.1008868124,32.6255478239,4,58815.5993811,1800,59181.05508,,267.589277489495,
,HLSP,QLP,Photometer,TESS,TESS,Optical,311992913,,hlsp_qlp_tess_ffi_s0019-0000000311992913_tess_v01_llc,88.1590591364,32.5837793282,4,58815.59937989,1800,59181.05508,,270.157998623064,
,HLSP,QLP,Photometer,TESS,TESS,Optical,311992728,,hlsp_qlp_tess_ffi_s0019-0000000311992728_tess_v01_llc,88.1660149477,32.5409769101,4,58815.59938032,1800,59181.05508,,271.250224478621,
,HLSP,QLP,Photometer,TESS,TESS,Optical,311992564,,hlsp_qlp_tess_ffi_s0019-0000000311992564_tess_v01_llc,88.1414467568,32.4996415617,4,58815.59938172,1800,59181.05508,,271.393742909766,
,HLSP,QLP,Photometer,TESS,TESS,Optical,311992646,,hlsp_qlp_tess_ffi_s0019-0000000311992646_tess_v01_llc,88.1600163335,32.5223490189,4,58815.59938079,1800,59181.05508,,272.678095321564,
,HLSP,QLP,Photometer,TESS,TESS,Optical,311910606,,hlsp_qlp_tess_ffi_s0019-0000000311910606_tess_v01_llc,88.1006316082,32.4788890234,4,58815.59938334,1800,59181.05508,,272.741677072026,
,HLSP,QLP,Photometer,TESS,TESS,Optical,311993018,,hlsp_qlp_tess_ffi_s0019-0000000311993018_tess_v01_llc,88.1379295618,32.6111722303,4,58815.59938014,1800,59181.05508,,276.554028343272,
,HLSP,QLP,Photometer,TESS,TESS,Optical,311910511,,hlsp_qlp_tess_ffi_s0019-0000000311910511_tess_v01_llc,88.0070381204,32.5014451508,4,58815.59938597,1800,59181.05508,,276.755460264561,
,HLSP,QLP,Photometer,TESS,TESS,Optical,311909964,,hlsp_qlp_tess_ffi_s0019-0000000311909964_tess_v01_llc,88.0099933175,32.6084752442,4,58815.59938425,1800,59181.05508,,279.779679262905,
,HLSP,QLP,Photometer,TESS,TESS,Optical,311910200,,hlsp_qlp_tess_ffi_s0019-0000000311910200_tess_v01_llc,87.9831943674,32.5600616455,4,58815.59938583,1800,59181.05508,,280.094346389617,
,HLSP,QLP,Photometer,TESS,TESS,Optical,311992707,,hlsp_qlp_tess_ffi_s0019-0000000311992707_tess_v01_llc,88.1692451012,32.5375589377,4,58815.59938026,1800,59181.05508,,283.060653828152,
,HLSP,QLP,Photometer,TESS,TESS,Optical,311910617,,hlsp_qlp_tess_ffi_s0019-0000000311910617_tess_v01_llc,88.0486216958,32.4765697562,4,58815.59938502,1800,59181.05508,,283.782753033474,
,HLSP,QLP,Photometer,TESS,TESS,Optical,311910572,,hlsp_qlp_tess_ffi_s0019-0000000311910572_tess_v01_llc,88.0216775365,32.4876609819,4,58815.59938571,1800,59181.05508,,284.03002514484,
,HLSP,QLP,Photometer,TESS,TESS,Optical,311910629,,hlsp_qlp_tess_ffi_s0019-0000000311910629_tess_v01_llc,88.0973603368,32.4744111335,4,58815.59938351,1800,59181.05508,,285.952605503655,
,HLSP,QLP,Photometer,TESS,TESS,Optical,311993089,,hlsp_qlp_tess_ffi_s0019-0000000311993089_tess_v01_llc,88.1167632337,32.6269131322,4,58815.59938058,1800,59181.05508,,288.900692270245,
,HLSP,QLP,Photometer,TESS,TESS,Optical,311992758,,hlsp_qlp_tess_ffi_s0019-0000000311992758_tess_v01_llc,88.1729898435,32.5484916414,4,58815.59937998,1800,59181.05508,,289.475062675872,
,HLSP,QLP,Photometer,TESS,TESS,Optical,311992619,,hlsp_qlp_tess_ffi_s0019-0000000311992619_tess_v01_llc,88.1609324681,32.5132683864,4,58815.5993809,1800,59181.05508,,289.645894995964,
,HLSP,QLP,Photometer,TESS,TESS,Optical,311909985,,hlsp_qlp_tess_ffi_s0019-0000000311909985_tess_v01_llc,87.9997701101,32.6030807793,4,58815.59938465,1800,59181.05508,,290.36518113846,
,HLSP,QLP,Photometer,TESS,TESS,Optical,311910592,,hlsp_qlp_tess_ffi_s0019-0000000311910592_tess_v01_llc,88.0274595265,32.4824090854,4,58815.59938561,1800,59181.05508,,290.481295258021,
,HLSP,QLP,Photometer,TESS,TESS,Optical,311910002,,hlsp_qlp_tess_ffi_s0019-0000000311910002_tess_v01_llc,87.9953517571,32.5983088425,4,58815.59938487,1800,59181.05508,,291.233941730959,
,HLSP,QLP,Photometer,TESS,TESS,Optical,311910183,,hlsp_qlp_tess_ffi_s0019-0000000311910183_tess_v01_llc,87.9794366638,32.5629180552,4,58815.59938591,1800,59181.05508,,292.523931933058,
,HLSP,QLP,Photometer,TESS,TESS,Optical,311993040,,hlsp_qlp_tess_ffi_s0019-0000000311993040_tess_v01_llc,88.1384487462,32.6167431226,4,58815.59938004,1800,59181.05508,,292.793891948898,
,HLSP,QLP,Photometer,TESS,TESS,Optical,311910602,,hlsp_qlp_tess_ffi_s0019-0000000311910602_tess_v01_llc,88.031787959,32.47965698,4,58815.59938551,1800,59181.05508,,292.815555806991,
,HLSP,QLP,Photometer,TESS,TESS,Optical,311992789,,hlsp_qlp_tess_ffi_s0019-0000000311992789_tess_v01_llc,88.1751548423,32.5539792085,4,58815.59937983,1800,59181.05508,,295.640915983908,
,HLSP,QLP,Photometer,TESS,TESS,Optical,311910641,,hlsp_qlp_tess_ffi_s0019-0000000311910641_tess_v01_llc,88.0561091728,32.4713528618,4,58815.59938486,1800,59181.05508,,296.327976051219,
,HLSP,QLP,Photometer,TESS,TESS,Optical,311992650,,hlsp_qlp_tess_ffi_s0019-0000000311992650_tess_v01_llc,88.1693256513,32.5238530358,4,58815.59938047,1800,59181.05508,,296.82614659269,
,HLSP,QLP,Photometer,TESS,TESS,Optical,311910305,,hlsp_qlp_tess_ffi_s0019-0000000311910305_tess_v01_llc,87.9769042675,32.5429972481,4,58815.59938629,1800,59181.05508,,300.213275560287,
,HLSP,QLP,Photometer,TESS,TESS,Optical,311910657,,hlsp_qlp_tess_ffi_s0019-0000000311910657_tess_v01_llc,88.0859324658,32.4681407753,4,58815.59938397,1800,59181.05508,,302.813803371528,
,HLSP,QLP,Photometer,TESS,TESS,Optical,311992969,,hlsp_qlp_tess_ffi_s0019-0000000311992969_tess_v01_llc,88.1608583455,32.6000562761,4,58815.59937958,1800,59181.05508,,303.076097478065,
,HLSP,QLP,Photometer,TESS,TESS,Optical,311910647,,hlsp_qlp_tess_ffi_s0019-0000000311910647_tess_v01_llc,88.0531780272,32.4695302571,4,58815.59938499,1800,59181.05508,,304.656819279475,
,HLSP,QLP,Photometer,TESS,TESS,Optical,311992862,,hlsp_qlp_tess_ffi_s0019-0000000311992862_tess_v01_llc,88.176560836,32.5723457823,4,58815.5993795,1800,59181.05508,,307.665613817876,
,HLSP,QLP,Photometer,TESS,TESS,Optical,311993068,,hlsp_qlp_tess_ffi_s0019-0000000311993068_tess_v01_llc,88.1373805776,32.623275945,4,58815.59937998,1800,59181.05508,,309.379832847431,
,HLSP,QLP,Photometer,TESS,TESS,Optical,311909981,,hlsp_qlp_tess_ffi_s0019-0000000311909981_tess_v01_llc,87.9921970528,32.6050305604,4,58815.59938486,1800,59181.05508,,312.955122140071,
,HLSP,QLP,Photometer,TESS,TESS,Optical,311909961,,hlsp_qlp_tess_ffi_s0019-0000000311909961_tess_v01_llc,87.9946836194,32.6095555967,4,58815.59938471,1800,59181.05508,,316.941676231809,
,HLSP,QLP,Photometer,TESS,TESS,Optical,311910677,,hlsp_qlp_tess_ffi_s0019-0000000311910677_tess_v01_llc,88.073006361,32.4632741921,4,58815.59938445,1800,59181.05508,,319.183042066412,
,HLSP,QLP,Photometer,TESS,TESS,Optical,311910622,,hlsp_qlp_tess_ffi_s0019-0000000311910622_tess_v01_llc,88.0226339623,32.4754874811,4,58815.59938587,1800,59181.05508,,319.38878860273,
,HLSP,QLP,Photometer,TESS,TESS,Optical,311992991,,hlsp_qlp_tess_ffi_s0019-0000000311992991_tess_v01_llc,88.1638909227,32.6048590751,4,58815.59937941,1800,59181.05508,,320.414211475782,
,HLSP,QLP,Photometer,TESS,TESS,Optical,311909823,,hlsp_qlp_tess_ffi_s0019-0000000311909823_tess_v01_llc,88.0922346509,32.6452908442,4,58815.59938107,1800,59181.05508,,331.721202054981,
,HLSP,QLP,Photometer,TESS,TESS,Optical,311992678,,hlsp_qlp_tess_ffi_s0019-0000000311992678_tess_v01_llc,88.1839513617,32.5310082514,4,58815.59937989,1800,59181.05508,,331.73559550116,
,HLSP,QLP,Photometer,TESS,TESS,Optical,311910627,,hlsp_qlp_tess_ffi_s0019-0000000311910627_tess_v01_llc,88.0145292728,32.4747969408,4,58815.59938613,1800,59181.05508,,334.513418013223,
,HLSP,QLP,Photometer,TESS,TESS,Optical,311910442,,hlsp_qlp_tess_ffi_s0019-0000000311910442_tess_v01_llc,87.9726852535,32.5182219112,4,58815.5993868,1800,59181.05508,,334.863123843034,
,HLSP,QLP,Photometer,TESS,TESS,Optical,311910651,,hlsp_qlp_tess_ffi_s0019-0000000311910651_tess_v01_llc,88.0252058248,32.4693293208,4,58815.59938588,1800,59181.05508,,335.023162525642,
,HLSP,QLP,Photometer,TESS,TESS,Optical,311909824,,hlsp_qlp_tess_ffi_s0019-0000000311909824_tess_v01_llc,88.0521623545,32.6452275895,4,58815.59938235,1800,59181.05508,,336.139455350535,
,HLSP,QLP,Photometer,TESS,TESS,Optical,311992813,,hlsp_qlp_tess_ffi_s0019-0000000311992813_tess_v01_llc,88.1886318257,32.560592881,4,58815.5993793,1800,59181.05508,,337.555126789017,
,HLSP,QLP,Photometer,TESS,TESS,Optical,311909934,,hlsp_qlp_tess_ffi_s0019-0000000311909934_tess_v01_llc,87.9916595706,32.6158577421,4,58815.59938471,1800,59181.05508,,338.603661507869,
,HLSP,QLP,Photometer,TESS,TESS,Optical,311910542,,hlsp_qlp_tess_ffi_s0019-0000000311910542_tess_v01_llc,87.9879994576,32.4938122926,4,58815.59938669,1800,59181.05508,,338.770918531988,
,HLSP,QLP,Photometer,TESS,TESS,Optical,311910700,,hlsp_qlp_tess_ffi_s0019-0000000311910700_tess_v01_llc,88.0688135094,32.4579294735,4,58815.59938466,1800,59181.05508,,339.060207773474,
,HLSP,QLP,Photometer,TESS,TESS,Optical,311910452,,hlsp_qlp_tess_ffi_s0019-0000000311910452_tess_v01_llc,87.9720306523,32.5163658174,4,58815.59938685,1800,59181.05508,,339.222070440778,
,HLSP,QLP,Photometer,TESS,TESS,Optical,311910702,,hlsp_qlp_tess_ffi_s0019-0000000311910702_tess_v01_llc,88.0813950187,32.4577430435,4,58815.59938427,1800,59181.05508,,339.22641785702,
,HLSP,QLP,Photometer,TESS,TESS,Optical,311992549,,hlsp_qlp_tess_ffi_s0019-0000000311992549_tess_v01_llc,88.1670581876,32.4958945063,4,58815.59938096,1800,59181.05508,,339.375944186888,
,HLSP,QLP,Photometer,TESS,TESS,Optical,311909819,,hlsp_qlp_tess_ffi_s0019-0000000311909819_tess_v01_llc,88.1011244331,32.6461124457,4,58815.59938078,1800,59181.05508,,339.525015671316,
,HLSP,QLP,Photometer,TESS,TESS,Optical,308911281,,hlsp_qlp_tess_ffi_s0019-0000000308911281_tess_v01_llc,87.9681890557,32.5823309909,4,58815.59938597,1800,59181.05508,,341.016659282304,
,HLSP,QLP,Photometer,TESS,TESS,Optical,311992477,,hlsp_qlp_tess_ffi_s0019-0000000311992477_tess_v01_llc,88.1455207815,32.4759999989,4,58815.59938195,1800,59181.05508,,343.591180551178,
,HLSP,QLP,Photometer,TESS,TESS,Optical,311910515,,hlsp_qlp_tess_ffi_s0019-0000000311910515_tess_v01_llc,87.9797519151,32.5008357565,4,58815.59938684,1800,59181.05508,,344.443613404834,
,HLSP,QLP,Photometer,TESS,TESS,Optical,308911333,,hlsp_qlp_tess_ffi_s0019-0000000308911333_tess_v01_llc,87.9621098756,32.564618476,4,58815.59938643,1800,59181.05508,,345.448627894326,
,HLSP,QLP,Photometer,TESS,TESS,Optical,311909874,,hlsp_qlp_tess_ffi_s0019-0000000311909874_tess_v01_llc,88.0071720076,32.6307121732,4,58815.59938399,1800,59181.05508,,345.913999913322,
,HLSP,QLP,Photometer,TESS,TESS,Optical,308911300,,hlsp_qlp_tess_ffi_s0019-0000000308911300_tess_v01_llc,87.9645141516,32.5767101116,4,58815.59938617,1800,59181.05508,,346.217311038168,
,HLSP,QLP,Photometer,TESS,TESS,Optical,311910695,,hlsp_qlp_tess_ffi_s0019-0000000311910695_tess_v01_llc,88.1030792768,32.4582530751,4,58815.59938357,1800,59181.05508,,346.544499554327,
,HLSP,QLP,Photometer,TESS,TESS,Optical,311992566,,hlsp_qlp_tess_ffi_s0019-0000000311992566_tess_v01_llc,88.174490194,32.4998134612,4,58815.59938067,1800,59181.05508,,349.872649627447,
,HLSP,QLP,Photometer,TESS,TESS,Optical,311992559,,hlsp_qlp_tess_ffi_s0019-0000000311992559_tess_v01_llc,88.1739802748,32.4983566025,4,58815.5993807,1800,59181.05508,,351.446050940898,
,HLSP,QLP,Photometer,TESS,TESS,Optical,308911445,,hlsp_qlp_tess_ffi_s0019-0000000308911445_tess_v01_llc,87.9620361192,32.5311417733,4,58815.59938694,1800,59181.05508,,352.066355906167,
,HLSP,QLP,Photometer,TESS,TESS,Optical,311910708,,hlsp_qlp_tess_ffi_s0019-0000000311910708_tess_v01_llc,88.0502019259,32.4565475786,4,58815.59938528,1800,59181.05508,,352.230032734153,
,HLSP,QLP,Photometer,TESS,TESS,Optical,311909802,,hlsp_qlp_tess_ffi_s0019-0000000311909802_tess_v01_llc,88.065328489,32.6515031148,4,58815.59938183,1800,59181.05508,,352.324856058983,
,HLSP,QLP,Photometer,TESS,TESS,Optical,311992560,,hlsp_qlp_tess_ffi_s0019-0000000311992560_tess_v01_llc,88.1750714921,32.4985426828,4,58815.59938067,1800,59181.05508,,353.843257267196,
,HLSP,QLP,Photometer,TESS,TESS,Optical,308911310,,hlsp_qlp_tess_ffi_s0019-0000000308911310_tess_v01_llc,87.960777831,32.5742135317,4,58815.59938633,1800,59181.05508,,355.231937512644,
,HLSP,QLP,Photometer,TESS,TESS,Optical,311992493,,hlsp_qlp_tess_ffi_s0019-0000000311992493_tess_v01_llc,88.1564664359,32.4793791227,4,58815.59938155,1800,59181.05508,,355.582524895435,
,HLSP,QLP,Photometer,TESS,TESS,Optical,308911444,,hlsp_qlp_tess_ffi_s0019-0000000308911444_tess_v01_llc,87.9603218259,32.5316161216,4,58815.59938699,1800,59181.05508,,356.779321997756,
,HLSP,QLP,Photometer,TESS,TESS,Optical,311992848,,hlsp_qlp_tess_ffi_s0019-0000000311992848_tess_v01_llc,88.1939466236,32.5686814828,4,58815.599379,1800,59181.05508,,356.986155865022,
,HLSP,QLP,Photometer,TESS,TESS,Optical,308911378,,hlsp_qlp_tess_ffi_s0019-0000000308911378_tess_v01_llc,87.9571940303,32.5528183053,4,58815.59938677,1800,59181.05508,,357.843092142588,
,HLSP,QLP,Photometer,TESS,TESS,Optical,311992797,,hlsp_qlp_tess_ffi_s0019-0000000311992797_tess_v01_llc,88.1957289174,32.5553823883,4,58815.59937915,1800,59181.05508,,358.14009749002,
,HLSP,QLP,Photometer,TESS,TESS,Optical,723275472,,hlsp_qlp_tess_ffi_s0019-0000000723275472_tess_v01_llc,87.9880573504,32.6209200261,4,58815.59938475,1800,59181.64557,,358.890418566793,
,HLSP,QLP,Photometer,TESS,TESS,Optical,311992800,,hlsp_qlp_tess_ffi_s0019-0000000311992800_tess_v01_llc,88.1963585064,32.5570638969,4,58815.5993791,1800,59181.05508,,360.228265413901,
,HLSP,QLP,Photometer,TESS,TESS,Optical,311909909,,hlsp_qlp_tess_ffi_s0019-0000000311909909_tess_v01_llc,87.987261581,32.6218162619,4,58815.59938476,1800,59181.05508,,362.847059209789,
,HLSP,QLP,Photometer,TESS,TESS,Optical,311909853,,hlsp_qlp_tess_ffi_s0019-0000000311909853_tess_v01_llc,88.0061686154,32.6363418855,4,58815.59938394,1800,59181.05508,,364.083895896098,
,HLSP,QLP,Photometer,TESS,TESS,Optical,311992635,,hlsp_qlp_tess_ffi_s0019-0000000311992635_tess_v01_llc,88.1912347945,32.518626619,4,58815.59937985,1800,59181.05508,,365.748405180639,
,HLSP,QLP,Photometer,TESS,TESS,Optical,311910517,,hlsp_qlp_tess_ffi_s0019-0000000311910517_tess_v01_llc,87.9707759691,32.5004657863,4,58815.59938713,1800,59181.05508,,368.339425304679,
,HLSP,QLP,Photometer,TESS,TESS,Optical,311992763,,hlsp_qlp_tess_ffi_s0019-0000000311992763_tess_v01_llc,88.1991918785,32.5499310679,4,58815.59937912,1800,59181.05508,,368.714536324614,
,HLSP,QLP,Photometer,TESS,TESS,Optical,311992610,,hlsp_qlp_tess_ffi_s0019-0000000311992610_tess_v01_llc,88.1890782165,32.5117340161,4,58815.59938002,1800,59181.05508,,368.819559795104,
,HLSP,QLP,Photometer,TESS,TESS,Optical,311909820,,hlsp_qlp_tess_ffi_s0019-0000000311909820_tess_v01_llc,88.0200491522,32.6458992433,4,58815.59938336,1800,59181.05508,,371.712724502148,
,HLSP,QLP,Photometer,TESS,TESS,Optical,311992435,,hlsp_qlp_tess_ffi_s0019-0000000311992435_tess_v01_llc,88.1382970256,32.4621533045,4,58815.59938239,1800,59181.05508,,373.099324886857,
,HLSP,QLP,Photometer,TESS,TESS,Optical,311993179,,hlsp_qlp_tess_ffi_s0019-0000000311993179_tess_v01_llc,88.1196893453,32.6511948454,4,58815.59938011,1800,59181.05508,,373.141791210092,
,HLSP,QLP,Photometer,TESS,TESS,Optical,311909787,,hlsp_qlp_tess_ffi_s0019-0000000311909787_tess_v01_llc,88.0571483918,32.6577165097,4,58815.599382,1800,59181.05508,,377.579464691689,
,HLSP,QLP,Photometer,TESS,TESS,Optical,311910740,,hlsp_qlp_tess_ffi_s0019-0000000311910740_tess_v01_llc,88.099118932,32.4485265926,4,58815.59938384,1800,59181.05508,,378.331902138795,
,HLSP,QLP,Photometer,TESS,TESS,Optical,311993165,,hlsp_qlp_tess_ffi_s0019-0000000311993165_tess_v01_llc,88.1334202064,32.6481799098,4,58815.59937972,1800,59181.05508,,379.797242968371,
,HLSP,QLP,Photometer,TESS,TESS,Optical,308911359,,hlsp_qlp_tess_ffi_s0019-0000000308911359_tess_v01_llc,87.9498692675,32.5579437189,4,58815.59938692,1800,59181.05508,,380.476066565029,
,HLSP,QLP,Photometer,TESS,TESS,Optical,311992750,,hlsp_qlp_tess_ffi_s0019-0000000311992750_tess_v01_llc,88.2038576618,32.5458788697,4,58815.59937903,1800,59181.05508,,383.54152251819,
,HLSP,QLP,Photometer,TESS,TESS,Optical,308911522,,hlsp_qlp_tess_ffi_s0019-0000000308911522_tess_v01_llc,87.959342,32.50988,4,58815.59938735,1800,59181.05508,,383.816849380884,
,HLSP,QLP,Photometer,TESS,TESS,Optical,311993144,,hlsp_qlp_tess_ffi_s0019-0000000311993144_tess_v01_llc,88.15007153,32.6414805002,4,58815.59937929,1800,59181.05508,,385.059895481976,
,HLSP,QLP,Photometer,TESS,TESS,Optical,308911330,,hlsp_qlp_tess_ffi_s0019-0000000308911330_tess_v01_llc,87.9489422366,32.5669888021,4,58815.59938681,1800,59181.05508,,386.153736422648,
,HLSP,QLP,Photometer,TESS,TESS,Optical,311909772,,hlsp_qlp_tess_ffi_s0019-0000000311909772_tess_v01_llc,88.0505385204,32.6618451902,4,58815.59938214,1800,59181.05508,,395.700528918468,
,HLSP,QLP,Photometer,TESS,TESS,Optical,311909799,,hlsp_qlp_tess_ffi_s0019-0000000311909799_tess_v01_llc,88.0186007495,32.6527436216,4,58815.5993833,1800,59181.05508,,395.703587054198,
,HLSP,QLP,Photometer,TESS,TESS,Optical,311910738,,hlsp_qlp_tess_ffi_s0019-0000000311910738_tess_v01_llc,88.0310116555,32.4486712405,4,58815.599386,1800,59181.05508,,396.07816989251,
,HLSP,QLP,Photometer,TESS,TESS,Optical,311909764,,hlsp_qlp_tess_ffi_s0019-0000000311909764_tess_v01_llc,88.0689937703,32.664009896,4,58815.59938153,1800,59181.05508,,396.361421885832,
,HLSP,QLP,Photometer,TESS,TESS,Optical,311909760,,hlsp_qlp_tess_ffi_s0019-0000000311909760_tess_v01_llc,88.083259229,32.6649592573,4,58815.59938106,1800,59181.05508,,399.62522278701,
,HLSP,QLP,Photometer,TESS,TESS,Optical,311992395,,hlsp_qlp_tess_ffi_s0019-0000000311992395_tess_v01_llc,88.1292802669,32.4496605358,4,58815.59938286,1800,59181.05508,,401.134801739555,
,HLSP,QLP,Photometer,TESS,TESS,Optical,308911182,,hlsp_qlp_tess_ffi_s0019-0000000308911182_tess_v01_llc,87.9641176291,32.6144585122,4,58815.59938561,1800,59181.05508,,402.31954050611,
,HLSP,QLP,Photometer,TESS,TESS,Optical,308911245,,hlsp_qlp_tess_ffi_s0019-0000000308911245_tess_v01_llc,87.9471374685,32.5915918903,4,58815.59938649,1800,59181.05508,,412.174061170261,
,HLSP,QLP,Photometer,TESS,TESS,Optical,311993187,,hlsp_qlp_tess_ffi_s0019-0000000311993187_tess_v01_llc,88.1450266581,32.6532943408,4,58815.59937927,1800,59181.05508,,412.72030161023,
,HLSP,QLP,Photometer,TESS,TESS,Optical,311909786,,hlsp_qlp_tess_ffi_s0019-0000000311909786_tess_v01_llc,88.0184872743,32.6582739629,4,58815.59938321,1800,59181.05508,,413.815965314607,
,HLSP,QLP,Photometer,TESS,TESS,Optical,308911243,,hlsp_qlp_tess_ffi_s0019-0000000308911243_tess_v01_llc,87.9462994425,32.5922903299,4,58815.59938651,1800,59181.05508,,415.410337522111,
,HLSP,QLP,Photometer,TESS,TESS,Optical,311992359,,hlsp_qlp_tess_ffi_s0019-0000000311992359_tess_v01_llc,88.112311441,32.4401829381,4,58815.59938354,1800,59181.05508,,416.507362468029,
,HLSP,QLP,Photometer,TESS,TESS,Optical,311993153,,hlsp_qlp_tess_ffi_s0019-0000000311993153_tess_v01_llc,88.1602582102,32.6462092499,4,58815.5993789,1800,59181.05508,,417.032208763642,
,HLSP,QLP,Photometer,TESS,TESS,Optical,311910747,,hlsp_qlp_tess_ffi_s0019-0000000311910747_tess_v01_llc,88.0179077203,32.4468727287,4,58815.59938645,1800,59181.05508,,417.365528538761,
,HLSP,QLP,Photometer,TESS,TESS,Optical,311992949,,hlsp_qlp_tess_ffi_s0019-0000000311992949_tess_v01_llc,88.206921312,32.5934450064,4,58815.59937821,1800,59181.05508,,417.827877984752,
,HLSP,QLP,Photometer,TESS,TESS,Optical,311992396,,hlsp_qlp_tess_ffi_s0019-0000000311992396_tess_v01_llc,88.1423186676,32.4497912155,4,58815.59938244,1800,59181.05508,,417.939192649286,
,HLSP,QLP,Photometer,TESS,TESS,Optical,311992436,,hlsp_qlp_tess_ffi_s0019-0000000311992436_tess_v01_llc,88.1659330156,32.4623629292,4,58815.5993815,1800,59181.05508,,420.632112618614,
,HLSP,QLP,Photometer,TESS,TESS,Optical,311910723,,hlsp_qlp_tess_ffi_s0019-0000000311910723_tess_v01_llc,88.0031789789,32.4520386107,4,58815.59938684,1800,59181.05508,,422.15820098243,
,HLSP,QLP,Photometer,TESS,TESS,Optical,311909741,,hlsp_qlp_tess_ffi_s0019-0000000311909741_tess_v01_llc,88.0534650784,32.6712595605,4,58815.59938191,1800,59181.05508,,427.479297707965,
,HLSP,QLP,Photometer,TESS,TESS,Optical,308911482,,hlsp_qlp_tess_ffi_s0019-0000000308911482_tess_v01_llc,87.9392922559,32.5211955971,4,58815.59938781,1800,59181.05508,,427.7333548583,
,HLSP,QLP,Photometer,TESS,TESS,Optical,308911209,,hlsp_qlp_tess_ffi_s0019-0000000308911209_tess_v01_llc,87.9477982783,32.6052064501,4,58815.59938626,1800,59181.05508,,429.15628477388,
,HLSP,QLP,Photometer,TESS,TESS,Optical,311992349,,hlsp_qlp_tess_ffi_s0019-0000000311992349_tess_v01_llc,88.1166858711,32.4375037865,4,58815.59938345,1800,59181.05508,,429.403580503854,
,HLSP,QLP,Photometer,TESS,TESS,Optical,311910654,,hlsp_qlp_tess_ffi_s0019-0000000311910654_tess_v01_llc,87.9739776539,32.468759296,4,58815.59938751,1800,59181.05508,,430.41229489688,
,HLSP,QLP,Photometer,TESS,TESS,Optical,311909846,,hlsp_qlp_tess_ffi_s0019-0000000311909846_tess_v01_llc,87.9757800387,32.6388351031,4,58815.59938486,1800,59181.05508,,430.416897646942,
,HLSP,QLP,Photometer,TESS,TESS,Optical,308911496,,hlsp_qlp_tess_ffi_s0019-0000000308911496_tess_v01_llc,87.9391234714,32.5168522981,4,58815.59938789,1800,59181.05508,,432.620107425157,
,HLSP,QLP,Photometer,TESS,TESS,Optical,311992978,,hlsp_qlp_tess_ffi_s0019-0000000311992978_tess_v01_llc,88.2093660545,32.6012621083,4,58815.59937802,1800,59181.05508,,435.174408706721,
,HLSP,QLP,Photometer,TESS,TESS,Optical,308911534,,hlsp_qlp_tess_ffi_s0019-0000000308911534_tess_v01_llc,87.9423672242,32.5070802637,4,58815.59938793,1800,59181.05508,,435.221376681238,
,HLSP,QLP,Photometer,TESS,TESS,Optical,311992630,,hlsp_qlp_tess_ffi_s0019-0000000311992630_tess_v01_llc,88.2153125854,32.517894913,4,58815.59937909,1800,59181.05508,,436.022499478187,
,HLSP,QLP,Photometer,TESS,TESS,Optical,311910793,,hlsp_qlp_tess_ffi_s0019-0000000311910793_tess_v01_llc,88.1091595455,32.4335445218,4,58815.59938374,1800,59181.05508,,437.361941975297,
,HLSP,QLP,Photometer,TESS,TESS,Optical,311910798,,hlsp_qlp_tess_ffi_s0019-0000000311910798_tess_v01_llc,88.1041378142,32.4324659512,4,58815.59938392,1800,59181.05508,,437.97769659913,
,HLSP,QLP,Photometer,TESS,TESS,Optical,308911591,,hlsp_qlp_tess_ffi_s0019-0000000308911591_tess_v01_llc,87.9512167302,32.4883590458,4,58815.59938793,1800,59181.05508,,441.707771098999,
,HLSP,QLP,Photometer,TESS,TESS,Optical,311992922,,hlsp_qlp_tess_ffi_s0019-0000000311992922_tess_v01_llc,88.2182146644,32.5859714532,4,58815.59937797,1800,59181.05508,,442.218656057993,
,HLSP,QLP,Photometer,TESS,TESS,Optical,308911398,,hlsp_qlp_tess_ffi_s0019-0000000308911398_tess_v01_llc,87.9294955376,32.5444818572,4,58815.59938777,1800,59181.05508,,442.972562479262,
,HLSP,QLP,Photometer,TESS,TESS,Optical,311910770,,hlsp_qlp_tess_ffi_s0019-0000000311910770_tess_v01_llc,88.0149074195,32.4399298759,4,58815.59938665,1800,59181.05508,,443.87634477193,
,HLSP,QLP,Photometer,TESS,TESS,Optical,311910787,,hlsp_qlp_tess_ffi_s0019-0000000311910787_tess_v01_llc,88.0307431759,32.4346689211,4,58815.59938622,1800,59181.05508,,443.985763535623,
,HLSP,QLP,Photometer,TESS,TESS,Optical,311910811,,hlsp_qlp_tess_ffi_s0019-0000000311910811_tess_v01_llc,88.0484252347,32.4297295372,4,58815.59938573,1800,59181.05508,,447.849387487679,
,HLSP,QLP,Photometer,TESS,TESS,Optical,311910762,,hlsp_qlp_tess_ffi_s0019-0000000311910762_tess_v01_llc,88.0063138617,32.4421587447,4,58815.59938689,1800,59181.05508,,448.313589636026,
,HLSP,QLP,Photometer,TESS,TESS,Optical,308911517,,hlsp_qlp_tess_ffi_s0019-0000000308911517_tess_v01_llc,87.9360828377,32.5105734706,4,58815.59938808,1800,59181.05508,,448.554640475476,
,HLSP,QLP,Photometer,TESS,TESS,Optical,311992556,,hlsp_qlp_tess_ffi_s0019-0000000311992556_tess_v01_llc,88.210398515,32.4977864322,4,58815.59937955,1800,59181.05508,,448.638861779591,
,HLSP,QLP,Photometer,TESS,TESS,Optical,311992622,,hlsp_qlp_tess_ffi_s0019-0000000311992622_tess_v01_llc,88.2186783776,32.514370101,4,58815.59937904,1800,59181.05508,,449.560517054705,
,HLSP,QLP,Photometer,TESS,TESS,Optical,308911597,,hlsp_qlp_tess_ffi_s0019-0000000308911597_tess_v01_llc,87.9489509033,32.4867170941,4,58815.59938803,1800,59181.05508,,450.666990282744,
,HLSP,QLP,Photometer,TESS,TESS,Optical,311909721,,hlsp_qlp_tess_ffi_s0019-0000000311909721_tess_v01_llc,88.0832403434,32.6794421516,4,58815.59938084,1800,59181.05508,,451.701664737312,
,HLSP,QLP,Photometer,TESS,TESS,Optical,308911278,,hlsp_qlp_tess_ffi_s0019-0000000308911278_tess_v01_llc,87.9303839333,32.5828381937,4,58815.59938716,1800,59181.05508,,452.030179073859,
,HLSP,QLP,Photometer,TESS,TESS,Optical,311993020,,hlsp_qlp_tess_ffi_s0019-0000000311993020_tess_v01_llc,88.2099321706,32.6114128582,4,58815.59937784,1800,59181.05508,,452.346955343121,
,HLSP,QLP,Photometer,TESS,TESS,Optical,311909740,,hlsp_qlp_tess_ffi_s0019-0000000311909740_tess_v01_llc,88.023302113,32.6716438988,4,58815.59938286,1800,59181.05508,,452.540677592131,
,HLSP,QLP,Photometer,TESS,TESS,Optical,308911264,,hlsp_qlp_tess_ffi_s0019-0000000308911264_tess_v01_llc,87.9306904168,32.5879555894,4,58815.59938707,1800,59181.05508,,455.787554812639,
,HLSP,QLP,Photometer,TESS,TESS,Optical,308911678,,hlsp_qlp_tess_ffi_s0019-0000000308911678_tess_v01_llc,87.96414862,32.4670697013,4,58815.59938785,1800,59181.05508,,456.334081097432,
,HLSP,QLP,Photometer,TESS,TESS,Optical,311992403,,hlsp_qlp_tess_ffi_s0019-0000000311992403_tess_v01_llc,88.1690337576,32.4514992777,4,58815.59938157,1800,59181.05508,,457.039421651224,
,HLSP,QLP,Photometer,TESS,TESS,Optical,311910705,,hlsp_qlp_tess_ffi_s0019-0000000311910705_tess_v01_llc,87.9754416868,32.4572105566,4,58815.59938764,1800,59181.05508,,457.428206911049,
,HLSP,QLP,Photometer,TESS,TESS,Optical,311992412,,hlsp_qlp_tess_ffi_s0019-0000000311992412_tess_v01_llc,88.1752660621,32.455288387,4,58815.59938131,1800,59181.05508,,458.383390307238,
,HLSP,QLP,Photometer,TESS,TESS,Optical,308911168,,hlsp_qlp_tess_ffi_s0019-0000000308911168_tess_v01_llc,87.9449040263,32.6181435351,4,58815.59938616,1800,59181.05508,,458.851594156295,
,HLSP,QLP,Photometer,TESS,TESS,Optical,311992545,,hlsp_qlp_tess_ffi_s0019-0000000311992545_tess_v01_llc,88.2127485373,32.4947857752,4,58815.59937952,1800,59181.05508,,459.83425690978,
,HLSP,QLP,Photometer,TESS,TESS,Optical,311992639,,hlsp_qlp_tess_ffi_s0019-0000000311992639_tess_v01_llc,88.2244283839,32.5204062853,4,58815.59937876,1800,59181.05508,,460.209655825942,
,HLSP,QLP,Photometer,TESS,TESS,Optical,311992698,,hlsp_qlp_tess_ffi_s0019-0000000311992698_tess_v01_llc,88.228444664,32.5364886914,4,58815.59937839,1800,59181.05508,,461.110634699477,
,HLSP,QLP,Photometer,TESS,TESS,Optical,311909706,,hlsp_qlp_tess_ffi_s0019-0000000311909706_tess_v01_llc,88.0632307378,32.6819256572,4,58815.59938143,1800,59181.05508,,461.966578850446,
,HLSP,QLP,Photometer,TESS,TESS,Optical,308911552,,hlsp_qlp_tess_ffi_s0019-0000000308911552_tess_v01_llc,87.935259784,32.5017738693,4,58815.59938824,1800,59181.05508,,462.504784151358,
,HLSP,QLP,Photometer,TESS,TESS,Optical,311909701,,hlsp_qlp_tess_ffi_s0019-0000000311909701_tess_v01_llc,88.0776122192,32.6833983046,4,58815.59938095,1800,59181.05508,,465.502371589943,
,HLSP,QLP,Photometer,TESS,TESS,Optical,311993200,,hlsp_qlp_tess_ffi_s0019-0000000311993200_tess_v01_llc,88.1679680245,32.6585350517,4,58815.59937846,1800,59181.05508,,466.572912686696,
,HLSP,QLP,Photometer,TESS,TESS,Optical,311910834,,hlsp_qlp_tess_ffi_s0019-0000000311910834_tess_v01_llc,88.0647256005,32.4223729884,4,58815.59938533,1800,59181.05508,,467.630147107531,
,HLSP,QLP,Photometer,TESS,TESS,Optical,308911484,,hlsp_qlp_tess_ffi_s0019-0000000308911484_tess_v01_llc,87.9247225662,32.5206706693,4,58815.59938828,1800,59181.05508,,470.988000135521,
,HLSP,QLP,Photometer,TESS,TESS,Optical,311992744,,hlsp_qlp_tess_ffi_s0019-0000000311992744_tess_v01_llc,88.2329406976,32.5442083766,4,58815.59937813,1800,59181.05508,,472.0036862519,
,HLSP,QLP,Photometer,TESS,TESS,Optical,311992357,,hlsp_qlp_tess_ffi_s0019-0000000311992357_tess_v01_llc,88.1570831291,32.4395590384,4,58815.59938213,1800,59181.05508,,472.138181112926,
,HLSP,QLP,Photometer,TESS,TESS,Optical,308911471,,hlsp_qlp_tess_ffi_s0019-0000000308911471_tess_v01_llc,87.922214293,32.5242710682,4,58815.59938831,1800,59181.05508,,475.423792070963,
,HLSP,QLP,Photometer,TESS,TESS,Optical,311909683,,hlsp_qlp_tess_ffi_s0019-0000000311909683_tess_v01_llc,88.0961224975,32.6862707794,4,58815.59938032,1800,59181.05508,,479.508952892705,
,HLSP,QLP,Photometer,TESS,TESS,Optical,311909694,,hlsp_qlp_tess_ffi_s0019-0000000311909694_tess_v01_llc,88.0396619488,32.6848827603,4,58815.59938213,1800,59181.05508,,483.748047565323,
,HLSP,QLP,Photometer,TESS,TESS,Optical,308911146,,hlsp_qlp_tess_ffi_s0019-0000000308911146_tess_v01_llc,87.9404157741,32.6253124169,4,58815.59938619,1800,59181.05508,,483.91085250033,
,HLSP,QLP,Photometer,TESS,TESS,Optical,311992579,,hlsp_qlp_tess_ffi_s0019-0000000311992579_tess_v01_llc,88.2275524699,32.50277893,4,58815.59937893,1800,59181.05508,,489.056134453558,
,HLSP,QLP,Photometer,TESS,TESS,Optical,308911240,,hlsp_qlp_tess_ffi_s0019-0000000308911240_tess_v01_llc,87.9185725867,32.5930970169,4,58815.59938737,1800,59181.05508,,496.252170615726,
,HLSP,QLP,Photometer,TESS,TESS,Optical,311993084,,hlsp_qlp_tess_ffi_s0019-0000000311993084_tess_v01_llc,88.2170350264,32.6259838625,4,58815.5993774,1800,59181.05508,,496.923353801809,
,HLSP,QLP,Photometer,TESS,TESS,Optical,311909696,,hlsp_qlp_tess_ffi_s0019-0000000311909696_tess_v01_llc,88.0212023968,32.6842836827,4,58815.59938273,1800,59181.05508,,497.45750210006,
,HLSP,QLP,Photometer,TESS,TESS,Optical,311909783,,hlsp_qlp_tess_ffi_s0019-0000000311909783_tess_v01_llc,87.9687502972,32.6590302525,4,58815.59938478,1800,59181.05508,,498.380800627598,
,HLSP,QLP,Photometer,TESS,TESS,Optical,311992283,,hlsp_qlp_tess_ffi_s0019-0000000311992283_tess_v01_llc,88.1264708137,32.4196186786,4,58815.5993834,1800,59181.05508,,499.681755819069,
,HLSP,QLP,Photometer,TESS,TESS,Optical,308911696,,hlsp_qlp_tess_ffi_s0019-0000000308911696_tess_v01_llc,87.9519540285,32.4598029466,4,58815.59938834,1800,59181.05508,,501.376145759871,
,HLSP,QLP,Photometer,TESS,TESS,Optical,311909662,,hlsp_qlp_tess_ffi_s0019-0000000311909662_tess_v01_llc,88.0580257729,32.6926354261,4,58815.59938143,1800,59181.05508,,501.897637712961,
,HLSP,QLP,Photometer,TESS,TESS,Optical,308911523,,hlsp_qlp_tess_ffi_s0019-0000000308911523_tess_v01_llc,87.9173618087,32.5097256421,4,58815.59938868,1800,59181.05508,,503.348653179888,
,HLSP,QLP,Photometer,TESS,TESS,Optical,311909739,,hlsp_qlp_tess_ffi_s0019-0000000311909739_tess_v01_llc,87.98455523,32.6718595265,4,58815.59938408,1800,59181.05508,,506.695382814169,
,HLSP,QLP,Photometer,TESS,TESS,Optical,311910887,,hlsp_qlp_tess_ffi_s0019-0000000311910887_tess_v01_llc,88.0621461428,32.4115540297,4,58815.59938557,1800,59181.05508,,507.088769445306,
,HLSP,QLP,Photometer,TESS,TESS,Optical,311992873,,hlsp_qlp_tess_ffi_s0019-0000000311992873_tess_v01_llc,88.2442685128,32.5748406765,4,58815.5993773,1800,59181.05508,,511.246666500458,
,HLSP,QLP,Photometer,TESS,TESS,Optical,311992287,,hlsp_qlp_tess_ffi_s0019-0000000311992287_tess_v01_llc,88.1400703595,32.41992222,4,58815.59938296,1800,59181.05508,,512.584685025126,
,HLSP,QLP,Photometer,TESS,TESS,Optical,308911226,,hlsp_qlp_tess_ffi_s0019-0000000308911226_tess_v01_llc,87.9146554259,32.598798789,4,58815.59938741,1800,59181.05508,,513.780220603938,
,HLSP,QLP,Photometer,TESS,TESS,Optical,311910896,,hlsp_qlp_tess_ffi_s0019-0000000311910896_tess_v01_llc,88.0781042288,32.4090215006,4,58815.5993851,1800,59181.05508,,514.329423994246,
,HLSP,QLP,Photometer,TESS,TESS,Optical,308911142,,hlsp_qlp_tess_ffi_s0019-0000000308911142_tess_v01_llc,87.9294064685,32.6269569237,4,58815.59938651,1800,59181.05508,,515.452357118616,
,HLSP,QLP,Photometer,TESS,TESS,Optical,311910885,,hlsp_qlp_tess_ffi_s0019-0000000311910885_tess_v01_llc,88.040742758,32.4118247499,4,58815.59938625,1800,59181.05508,,515.650354044623,
,HLSP,QLP,Photometer,TESS,TESS,Optical,311993093,,hlsp_qlp_tess_ffi_s0019-0000000311993093_tess_v01_llc,88.2232205089,32.6278602278,4,58815.59937717,1800,59181.05508,,516.454373098641,
,HLSP,QLP,Photometer,TESS,TESS,Optical,311910892,,hlsp_qlp_tess_ffi_s0019-0000000311910892_tess_v01_llc,88.0527737327,32.4096600925,4,58815.5993859,1800,59181.05508,,517.03114135414,
,HLSP,QLP,Photometer,TESS,TESS,Optical,311910821,,hlsp_qlp_tess_ffi_s0019-0000000311910821_tess_v01_llc,87.9904987198,32.4273547115,4,58815.59938761,1800,59181.05508,,518.261422195356,
,HLSP,QLP,Photometer,TESS,TESS,Optical,311993249,,hlsp_qlp_tess_ffi_s0019-0000000311993249_tess_v01_llc,88.1694883788,32.6751092695,4,58815.59937816,1800,59181.05508,,518.389119765491,
,HLSP,QLP,Photometer,TESS,TESS,Optical,311992263,,hlsp_qlp_tess_ffi_s0019-0000000311992263_tess_v01_llc,88.1281341301,32.4141660792,4,58815.59938343,1800,59181.05508,,519.921212558466,
,HLSP,QLP,Photometer,TESS,TESS,Optical,308911409,,hlsp_qlp_tess_ffi_s0019-0000000308911409_tess_v01_llc,87.9037780895,32.5408630971,4,58815.59938864,1800,59181.05508,,521.793712567561,
,HLSP,QLP,Photometer,TESS,TESS,Optical,311993134,,hlsp_qlp_tess_ffi_s0019-0000000311993134_tess_v01_llc,88.2179929483,32.6375938671,4,58815.59937719,1800,59181.05508,,522.391834011127,
,HLSP,QLP,Photometer,TESS,TESS,Optical,311993262,,hlsp_qlp_tess_ffi_s0019-0000000311993262_tess_v01_llc,88.167994572,32.6778824168,4,58815.59937817,1800,59181.05508,,524.419452398532,
,HLSP,QLP,Photometer,TESS,TESS,Optical,311992285,,hlsp_qlp_tess_ffi_s0019-0000000311992285_tess_v01_llc,88.1504911744,32.419799525,4,58815.59938263,1800,59181.05508,,525.611209248612,
,HLSP,QLP,Photometer,TESS,TESS,Optical,311910904,,hlsp_qlp_tess_ffi_s0019-0000000311910904_tess_v01_llc,88.0578081879,32.4059434045,4,58815.59938579,1800,59181.05508,,528.469845254946,
,HLSP,QLP,Photometer,TESS,TESS,Optical,311993043,,hlsp_qlp_tess_ffi_s0019-0000000311993043_tess_v01_llc,88.2348202889,32.6171367474,4,58815.59937696,1800,59181.05508,,529.105682345902,
,HLSP,QLP,Photometer,TESS,TESS,Optical,311993288,,hlsp_qlp_tess_ffi_s0019-0000000311993288_tess_v01_llc,88.1571752539,32.6863426499,4,58815.59937838,1800,59181.05508,,534.888414861736,
,HLSP,QLP,Photometer,TESS,TESS,Optical,311909634,,hlsp_qlp_tess_ffi_s0019-0000000311909634_tess_v01_llc,88.0996330037,32.7015238928,4,58815.59937998,1800,59181.05508,,535.327244511274,
,HLSP,QLP,Photometer,TESS,TESS,Optical,311993117,,hlsp_qlp_tess_ffi_s0019-0000000311993117_tess_v01_llc,88.228545379,32.6323813991,4,58815.59937693,1800,59181.05508,,538.715433909661,
,HLSP,QLP,Photometer,TESS,TESS,Optical,308911081,,hlsp_qlp_tess_ffi_s0019-0000000308911081_tess_v01_llc,87.9333101321,32.6444217824,4,58815.59938612,1800,59181.05508,,540.848039237661,
,HLSP,QLP,Photometer,TESS,TESS,Optical,311993210,,hlsp_qlp_tess_ffi_s0019-0000000311993210_tess_v01_llc,88.2009489418,32.6623720874,4,58815.59937735,1800,59181.05508,,541.615437076973,
,HLSP,QLP,Photometer,TESS,TESS,Optical,312114955,,hlsp_qlp_tess_ffi_s0019-0000000312114955_tess_v01_llc,88.2564385557,32.5494940178,4,58815.5993773,1800,59181.05508,,542.415754885147,
,HLSP,QLP,Photometer,TESS,TESS,Optical,311993328,,hlsp_qlp_tess_ffi_s0019-0000000311993328_tess_v01_llc,88.1147913878,32.7015065538,4,58815.59937949,1800,59181.05508,,543.181736574245,
,HLSP,QLP,Photometer,TESS,TESS,Optical,311993004,,hlsp_qlp_tess_ffi_s0019-0000000311993004_tess_v01_llc,88.2452079366,32.6083744836,4,58815.59937676,1800,59181.05508,,545.462259141145,
,HLSP,QLP,Photometer,TESS,TESS,Optical,311992461,,hlsp_qlp_tess_ffi_s0019-0000000311992461_tess_v01_llc,88.2293654282,32.4699034612,4,58815.59937936,1800,59181.05508,,548.274036928069,
,HLSP,TESS-SPOC,Photometer,TESS,TESS,Optical,311992461,,hlsp_tess-spoc_tess_phot_0000000311992461-s0019_tess_v1_tp,88.2293654282193,32.4699034612385,4,58815.58813944,1800,59178.50586,,548.274036928069,
,HLSP,QLP,Photometer,TESS,TESS,Optical,312115038,,hlsp_qlp_tess_ffi_s0019-0000000312115038_tess_v01_llc,88.2554377011,32.5193117667,4,58815.59937779,1800,59181.05508,,552.62078302598,
,HLSP,QLP,Photometer,TESS,TESS,Optical,308911579,,hlsp_qlp_tess_ffi_s0019-0000000308911579_tess_v01_llc,87.9073906436,32.4926867264,4,58815.59938925,1800,59181.05508,,553.172262248747,
,HLSP,QLP,Photometer,TESS,TESS,Optical,312114790,,hlsp_qlp_tess_ffi_s0019-0000000312114790_tess_v01_llc,88.2514437945,32.6010339815,4,58815.59937668,1800,59181.05508,,554.378114363024,
,HLSP,QLP,Photometer,TESS,TESS,Optical,312115077,,hlsp_qlp_tess_ffi_s0019-0000000312115077_tess_v01_llc,88.2528921776,32.5087748076,4,58815.59937803,1800,59181.05508,,554.728298571011,
,HLSP,QLP,Photometer,TESS,TESS,Optical,311910907,,hlsp_qlp_tess_ffi_s0019-0000000311910907_tess_v01_llc,88.0261545188,32.4035506072,4,58815.59938683,1800,59181.05508,,555.239846740384,
,HLSP,QLP,Photometer,TESS,TESS,Optical,308911140,,hlsp_qlp_tess_ffi_s0019-0000000308911140_tess_v01_llc,87.9145430236,32.6274093376,4,58815.59938697,1800,59181.05508,,555.400774498637,
,HLSP,QLP,Photometer,TESS,TESS,Optical,311993254,,hlsp_qlp_tess_ffi_s0019-0000000311993254_tess_v01_llc,88.1882551221,32.6769403278,4,58815.59937753,1800,59181.05508,,556.455838064743,
,HLSP,TESS-SPOC,Photometer,TESS,TESS,Optical,311993254,,hlsp_tess-spoc_tess_phot_0000000311993254-s0019_tess_v1_tp,88.1882551220591,32.6769403278475,4,58815.58813762,1800,59178.50586,,556.455838064743,
,HLSP,QLP,Photometer,TESS,TESS,Optical,311993289,,hlsp_qlp_tess_ffi_s0019-0000000311993289_tess_v01_llc,88.1689960945,32.6879115627,4,58815.59937798,1800,59181.05508,,556.965091483222,
,HLSP,QLP,Photometer,TESS,TESS,Optical,308911289,,hlsp_qlp_tess_ffi_s0019-0000000308911289_tess_v01_llc,87.8911607958,32.5800698346,4,58815.59938844,1800,59181.05508,,566.57919842087,
,HLSP,QLP,Photometer,TESS,TESS,Optical,723271856,,hlsp_qlp_tess_ffi_s0019-0000000723271856_tess_v01_llc,88.056037114,32.3945350035,4,58815.59938602,1800,59181.64557,,569.878914541668,
,HLSP,QLP,Photometer,TESS,TESS,Optical,311910938,,hlsp_qlp_tess_ffi_s0019-0000000311910938_tess_v01_llc,88.056006,32.394318,4,58815.59938602,1800,59181.05508,,570.665742726395,
,HLSP,QLP,Photometer,TESS,TESS,Optical,312114753,,hlsp_qlp_tess_ffi_s0019-0000000312114753_tess_v01_llc,88.2524284528,32.6130140136,4,58815.59937646,1800,59181.05508,,571.980074278732,
,HLSP,QLP,Photometer,TESS,TESS,Optical,311993141,,hlsp_qlp_tess_ffi_s0019-0000000311993141_tess_v01_llc,88.2363470378,32.6402859244,4,58815.59937656,1800,59181.05508,,573.913100899213,
,HLSP,QLP,Photometer,TESS,TESS,Optical,311993340,,hlsp_qlp_tess_ffi_s0019-0000000311993340_tess_v01_llc,88.1356221158,32.7068659768,4,58815.59937875,1800,59181.05508,,578.375307018681,
,HLSP,QLP,Photometer,TESS,TESS,Optical,308911595,,hlsp_qlp_tess_ffi_s0019-0000000308911595_tess_v01_llc,87.9003849296,32.487595544,4,58815.59938955,1800,59181.05508,,579.974816283352,
,HLSP,QLP,Photometer,TESS,TESS,Optical,308911779,,hlsp_qlp_tess_ffi_s0019-0000000308911779_tess_v01_llc,87.9500377814,32.4305719068,4,58815.59938884,1800,59181.05508,,580.412808276246,
,HLSP,QLP,Photometer,TESS,TESS,Optical,311992313,,hlsp_qlp_tess_ffi_s0019-0000000311992313_tess_v01_llc,88.2005192556,32.4289119836,4,58815.5993809,1800,59181.05508,,580.423910218432,
,HLSP,QLP,Photometer,TESS,TESS,Optical,308911754,,hlsp_qlp_tess_ffi_s0019-0000000308911754_tess_v01_llc,87.9387052385,32.4395787012,4,58815.59938907,1800,59181.05508,,580.466552255437,
,HLSP,QLP,Photometer,TESS,TESS,Optical,311910927,,hlsp_qlp_tess_ffi_s0019-0000000311910927_tess_v01_llc,88.0179567324,32.3980578293,4,58815.59938718,1800,59181.05508,,581.353692512925,
,HLSP,QLP,Photometer,TESS,TESS,Optical,308911101,,hlsp_qlp_tess_ffi_s0019-0000000308911101_tess_v01_llc,87.9096697062,32.6364881949,4,58815.59938699,1800,59181.05508,,584.419643052771,
,HLSP,QLP,Photometer,TESS,TESS,Optical,308910968,,hlsp_qlp_tess_ffi_s0019-0000000308910968_tess_v01_llc,87.9534300028,32.6799698848,4,58815.59938494,1800,59181.05508,,585.999712689459,
,HLSP,QLP,Photometer,TESS,TESS,Optical,311910954,,hlsp_qlp_tess_ffi_s0019-0000000311910954_tess_v01_llc,88.0882274735,32.3890329804,4,58815.59938508,1800,59181.05508,,587.333951644947,
,HLSP,QLP,Photometer,TESS,TESS,Optical,311910942,,hlsp_qlp_tess_ffi_s0019-0000000311910942_tess_v01_llc,88.0292972259,32.3933071028,4,58815.59938689,1800,59181.05508,,588.430519976625,
,HLSP,QLP,Photometer,TESS,TESS,Optical,308911532,,hlsp_qlp_tess_ffi_s0019-0000000308911532_tess_v01_llc,87.8874104204,32.5075948322,4,58815.59938966,1800,59181.05508,,592.60013722322,
,HLSP,QLP,Photometer,TESS,TESS,Optical,311910956,,hlsp_qlp_tess_ffi_s0019-0000000311910956_tess_v01_llc,88.1047466258,32.3886860469,4,58815.59938456,1800,59181.05508,,593.712705344313,
,HLSP,QLP,Photometer,TESS,TESS,Optical,308911302,,hlsp_qlp_tess_ffi_s0019-0000000308911302_tess_v01_llc,87.8811552736,32.5755957317,4,58815.59938882,1800,59181.05508,,594.100666162554,
,HLSP,QLP,Photometer,TESS,TESS,Optical,308911672,,hlsp_qlp_tess_ffi_s0019-0000000308911672_tess_v01_llc,87.9060351419,32.4684544591,4,58815.59938966,1800,59181.05508,,596.224737958162,
,HLSP,QLP,Photometer,TESS,TESS,Optical,308911262,,hlsp_qlp_tess_ffi_s0019-0000000308911262_tess_v01_llc,87.8825756434,32.5879859192,4,58815.59938859,1800,59181.05508,,597.580217074861,
,HLSP,QLP,Photometer,TESS,TESS,Optical,308911527,,hlsp_qlp_tess_ffi_s0019-0000000308911527_tess_v01_llc,87.8852927327,32.5085432852,4,58815.59938971,1800,59181.05508,,597.869535327219,
,HLSP,QLP,Photometer,TESS,TESS,Optical,311923477,,hlsp_qlp_tess_ffi_s0019-0000000311923477_tess_v01_llc,88.1643698583,32.4026151926,4,58815.59938245,1800,59181.05508,,599.63854133504,
,HLSP,QLP,Photometer,TESS,TESS,Optical,312115069,,hlsp_qlp_tess_ffi_s0019-0000000312115069_tess_v01_llc,88.2704521115,32.5113846934,4,58815.59937742,1800,59181.05508,,603.603911894668,
,HLSP,QLP,Photometer,TESS,TESS,Optical,312115162,,hlsp_qlp_tess_ffi_s0019-0000000312115162_tess_v01_llc,88.2559298813,32.4779427449,4,58815.59937839,1800,59181.05508,,604.234226956589,
,HLSP,QLP,Photometer,TESS,TESS,Optical,308911406,,hlsp_qlp_tess_ffi_s0019-0000000308911406_tess_v01_llc,87.8759311996,32.5414504893,4,58815.59938951,1800,59181.05508,,605.892810989951,
,HLSP,QLP,Photometer,TESS,TESS,Optical,308911343,,hlsp_qlp_tess_ffi_s0019-0000000308911343_tess_v01_llc,87.874782621,32.5623802635,4,58815.59938922,1800,59181.05508,,608.819900690364,
,HLSP,QLP,Photometer,TESS,TESS,Optical,311909579,,hlsp_qlp_tess_ffi_s0019-0000000311909579_tess_v01_llc,88.0966651463,32.7226770144,4,58815.59937974,1800,59181.05508,,609.942603861929,
,HLSP,QLP,Photometer,TESS,TESS,Optical,311910901,,hlsp_qlp_tess_ffi_s0019-0000000311910901_tess_v01_llc,87.9721617681,32.4065386023,4,58815.5993885,1800,59181.05508,,611.097586274802,
,HLSP,QLP,Photometer,TESS,TESS,Optical,312114836,,hlsp_qlp_tess_ffi_s0019-0000000312114836_tess_v01_llc,88.2754296788,32.5870276471,4,58815.59937612,1800,59181.05508,,612.013836980014,
,HLSP,QLP,Photometer,TESS,TESS,Optical,308911188,,hlsp_qlp_tess_ffi_s0019-0000000308911188_tess_v01_llc,87.884087666,32.612188222,4,58815.59938817,1800,59181.05508,,617.195713230349,
,HLSP,QLP,Photometer,TESS,TESS,Optical,308911128,,hlsp_qlp_tess_ffi_s0019-0000000308911128_tess_v01_llc,87.8914188612,32.6294251329,4,58815.59938767,1800,59181.05508,,621.02536613791,
,HLSP,QLP,Photometer,TESS,TESS,Optical,308910964,,hlsp_qlp_tess_ffi_s0019-0000000308910964_tess_v01_llc,87.9364590199,32.6808059004,4,58815.59938546,1800,59181.05508,,622.012199368035,
,HLSP,QLP,Photometer,TESS,TESS,Optical,308910957,,hlsp_qlp_tess_ffi_s0019-0000000308910957_tess_v01_llc,87.9386345833,32.6828863394,4,58815.59938536,1800,59181.05508,,623.11940108881,
,HLSP,QLP,Photometer,TESS,TESS,Optical,312115006,,hlsp_qlp_tess_ffi_s0019-0000000312115006_tess_v01_llc,88.2817425905,32.5284319194,4,58815.59937681,1800,59181.05508,,625.309521362034,
,HLSP,QLP,Photometer,TESS,TESS,Optical,312114756,,hlsp_qlp_tess_ffi_s0019-0000000312114756_tess_v01_llc,88.2735252907,32.612620437,4,58815.59937579,1800,59181.05508,,631.24981803611,
,HLSP,QLP,Photometer,TESS,TESS,Optical,312114876,,hlsp_qlp_tess_ffi_s0019-0000000312114876_tess_v01_llc,88.2875869765,32.5739802509,4,58815.59937593,1800,59181.05508,,641.091943236206,
,HLSP,QLP,Photometer,TESS,TESS,Optical,312115179,,hlsp_qlp_tess_ffi_s0019-0000000312115179_tess_v01_llc,88.2665846002,32.4720313147,4,58815.59937814,1800,59181.05508,,642.694874539254,
,HLSP,QLP,Photometer,TESS,TESS,Optical,308911679,,hlsp_qlp_tess_ffi_s0019-0000000308911679_tess_v01_llc,87.888107812,32.4667952941,4,58815.59939025,1800,59181.05508,,646.541626246929,
,HLSP,QLP,Photometer,TESS,TESS,Optical,308911491,,hlsp_qlp_tess_ffi_s0019-0000000308911491_tess_v01_llc,87.8651803409,32.5182987649,4,58815.5993902,1800,59181.05508,,649.29877904636,
,HLSP,QLP,Photometer,TESS,TESS,Optical,311909563,,hlsp_qlp_tess_ffi_s0019-0000000311909563_tess_v01_llc,88.0174336395,32.7282562945,4,58815.59938217,1800,59181.05508,,651.826773793618,
,HLSP,QLP,Photometer,TESS,TESS,Optical,308910950,,hlsp_qlp_tess_ffi_s0019-0000000308910950_tess_v01_llc,87.9265189086,32.6863416171,4,58815.59938569,1800,59181.05508,,657.144753205054,
,HLSP,QLP,Photometer,TESS,TESS,Optical,311909567,,hlsp_qlp_tess_ffi_s0019-0000000311909567_tess_v01_llc,88.00670097,32.7270245708,4,58815.59938253,1800,59181.05508,,657.232342965761,
,HLSP,QLP,Photometer,TESS,TESS,Optical,311911022,,hlsp_qlp_tess_ffi_s0019-0000000311911022_tess_v01_llc,88.0690562746,32.3691193835,4,58815.59938598,1800,59181.05508,,658.352670037535,
,HLSP,QLP,Photometer,TESS,TESS,Optical,311993405,,hlsp_qlp_tess_ffi_s0019-0000000311993405_tess_v01_llc,88.1115049052,32.734879914,4,58815.59937908,1800,59181.05508,,659.381248116045,
,HLSP,TESS-SPOC,Photometer,TESS,TESS,Optical,311993405,,hlsp_tess-spoc_tess_phot_0000000311993405-s0019_tess_v1_tp,88.111504905195,32.7348799139585,4,58815.58813917,1800,59178.50586,,659.381248116045,
,HLSP,QLP,Photometer,TESS,TESS,Optical,311993356,,hlsp_qlp_tess_ffi_s0019-0000000311993356_tess_v01_llc,88.1847227373,32.7146581674,4,58815.59937707,1800,59181.05508,,664.204649218393,
,HLSP,QLP,Photometer,TESS,TESS,Optical,312115115,,hlsp_qlp_tess_ffi_s0019-0000000312115115_tess_v01_llc,88.2873390498,32.4969475851,4,58815.5993771,1800,59181.05508,,667.21435525655,
,HLSP,QLP,Photometer,TESS,TESS,Optical,308911013,,hlsp_qlp_tess_ffi_s0019-0000000308911013_tess_v01_llc,87.901204736,32.668265868,4,58815.59938676,1800,59181.05508,,670.302287068883,
,HLSP,QLP,Photometer,TESS,TESS,Optical,311992264,,hlsp_qlp_tess_ffi_s0019-0000000311992264_tess_v01_llc,88.2290042178,32.414852024,4,58815.5993802,1800,59181.05508,,675.74415479971,
,HLSP,QLP,Photometer,TESS,TESS,Optical,311911032,,hlsp_qlp_tess_ffi_s0019-0000000311911032_tess_v01_llc,88.1045664622,32.3649918659,4,58815.59938491,1800,59181.05508,,678.165486114155,
,HLSP,QLP,Photometer,TESS,TESS,Optical,311909559,,hlsp_qlp_tess_ffi_s0019-0000000311909559_tess_v01_llc,87.9894068795,32.7286911331,4,58815.59938305,1800,59181.05508,,681.357106304795,
,HLSP,QLP,Photometer,TESS,TESS,Optical,312114596,,hlsp_qlp_tess_ffi_s0019-0000000312114596_tess_v01_llc,88.251505169,32.674038114,4,58815.59937556,1800,59181.05508,,682.820490292355,
,HLSP,QLP,Photometer,TESS,TESS,Optical,311911010,,hlsp_qlp_tess_ffi_s0019-0000000311911010_tess_v01_llc,88.0027717728,32.3721803876,4,58815.59938805,1800,59181.05508,,684.303217300321,
,HLSP,QLP,Photometer,TESS,TESS,Optical,311993398,,hlsp_qlp_tess_ffi_s0019-0000000311993398_tess_v01_llc,88.1553998344,32.7325427317,4,58815.59937773,1800,59181.05508,,685.340439300987,
,HLSP,QLP,Photometer,TESS,TESS,Optical,308911473,,hlsp_qlp_tess_ffi_s0019-0000000308911473_tess_v01_llc,87.851495471,32.5237199724,4,58815.59939055,1800,59181.05508,,686.819000278745,
,HLSP,QLP,Photometer,TESS,TESS,Optical,311909518,,hlsp_qlp_tess_ffi_s0019-0000000311909518_tess_v01_llc,88.0644670815,32.7452823797,4,58815.59938042,1800,59181.05508,,689.25282265405,
,HLSP,QLP,Photometer,TESS,TESS,Optical,311993282,,hlsp_qlp_tess_ffi_s0019-0000000311993282_tess_v01_llc,88.24401637,32.6841209338,4,58815.59937565,1800,59181.05508,,689.600754895908,
,HLSP,QLP,Photometer,TESS,TESS,Optical,311923395,,hlsp_qlp_tess_ffi_s0019-0000000311923395_tess_v01_llc,88.1326369967,32.3661926165,4,58815.599384,1800,59181.05508,,689.839625079601,
,HLSP,QLP,Photometer,TESS,TESS,Optical,311923474,,hlsp_qlp_tess_ffi_s0019-0000000311923474_tess_v01_llc,88.2159486512,32.3999593693,4,58815.59938084,1800,59181.05508,,691.026421209635,
,HLSP,QLP,Photometer,TESS,TESS,Optical,308911457,,hlsp_qlp_tess_ffi_s0019-0000000308911457_tess_v01_llc,87.8488920142,32.5287838469,4,58815.59939055,1800,59181.05508,,692.077571610333,
,HLSP,QLP,Photometer,TESS,TESS,Optical,308911822,,hlsp_qlp_tess_ffi_s0019-0000000308911822_tess_v01_llc,87.9174186599,32.4137069096,4,58815.59939013,1800,59181.05508,,692.151787948448,
,HLSP,QLP,Photometer,TESS,TESS,Optical,308911407,,hlsp_qlp_tess_ffi_s0019-0000000308911407_tess_v01_llc,87.84627764,32.5414268551,4,58815.59939044,1800,59181.05508,,695.700647206371,
,HLSP,QLP,Photometer,TESS,TESS,Optical,312114800,,hlsp_qlp_tess_ffi_s0019-0000000312114800_tess_v01_llc,88.3009246744,32.5986109416,4,58815.59937513,1800,59181.05508,,696.532644789649,
,HLSP,QLP,Photometer,TESS,TESS,Optical,308911347,,hlsp_qlp_tess_ffi_s0019-0000000308911347_tess_v01_llc,87.8453613953,32.5617603676,4,58815.59939016,1800,59181.05508,,697.869285659194,
,HLSP,QLP,Photometer,TESS,TESS,Optical,311911041,,hlsp_qlp_tess_ffi_s0019-0000000311911041_tess_v01_llc,88.0572866054,32.358278672,4,58815.59938652,1800,59181.05508,,699.441791532676,
,HLSP,QLP,Photometer,TESS,TESS,Optical,308911079,,hlsp_qlp_tess_ffi_s0019-0000000308911079_tess_v01_llc,87.8714317778,32.6444738525,4,58815.59938807,1800,59181.05508,,699.611073876484,
,HLSP,QLP,Photometer,TESS,TESS,Optical,312114901,,hlsp_qlp_tess_ffi_s0019-0000000312114901_tess_v01_llc,88.3086399318,32.5681342284,4,58815.59937534,1800,59181.05508,,702.674260565124,
,HLSP,QLP,Photometer,TESS,TESS,Optical,308911830,,hlsp_qlp_tess_ffi_s0019-0000000308911830_tess_v01_llc,87.9140375077,32.4122890829,4,58815.59939026,1800,59181.05508,,702.964849796928,
,HLSP,QLP,Photometer,TESS,TESS,Optical,312115114,,hlsp_qlp_tess_ffi_s0019-0000000312115114_tess_v01_llc,88.3000707116,32.4976021538,4,58815.59937668,1800,59181.05508,,703.490733793481,
,HLSP,QLP,Photometer,TESS,TESS,Optical,311993407,,hlsp_qlp_tess_ffi_s0019-0000000311993407_tess_v01_llc,88.1644739502,32.735446587,4,58815.59937739,1800,59181.05508,,705.021504469718,
,HLSP,QLP,Photometer,TESS,TESS,Optical,308911385,,hlsp_qlp_tess_ffi_s0019-0000000308911385_tess_v01_llc,87.8427278211,32.5505532466,4,58815.59939041,1800,59181.05508,,705.244789764557,
,HLSP,QLP,Photometer,TESS,TESS,Optical,312114983,,hlsp_qlp_tess_ffi_s0019-0000000312114983_tess_v01_llc,88.310184715,32.5379673774,4,58815.59937575,1800,59181.05508,,707.432401638871,
,HLSP,QLP,Photometer,TESS,TESS,Optical,311992257,,hlsp_qlp_tess_ffi_s0019-0000000311992257_tess_v01_llc,88.2394195356,32.4108069901,4,58815.59937992,1800,59181.05508,,708.075442063922,
,HLSP,QLP,Photometer,TESS,TESS,Optical,311923383,,hlsp_qlp_tess_ffi_s0019-0000000311923383_tess_v01_llc,88.1413816522,32.362500296,4,58815.59938378,1800,59181.05508,,709.634044413191,
,HLSP,QLP,Photometer,TESS,TESS,Optical,312114733,,hlsp_qlp_tess_ffi_s0019-0000000312114733_tess_v01_llc,88.2985527856,32.6208284734,4,58815.59937487,1800,59181.05508,,712.663531542587,
,HLSP,QLP,Photometer,TESS,TESS,Optical,308911750,,hlsp_qlp_tess_ffi_s0019-0000000308911750_tess_v01_llc,87.8812917949,32.4403936826,4,58815.59939087,1800,59181.05508,,713.980449103864,
,HLSP,QLP,Photometer,TESS,TESS,Optical,308911098,,hlsp_qlp_tess_ffi_s0019-0000000308911098_tess_v01_llc,87.8621082828,32.6380803567,4,58815.59938846,1800,59181.05508,,714.622994343018,
,HLSP,QLP,Photometer,TESS,TESS,Optical,311911054,,hlsp_qlp_tess_ffi_s0019-0000000311911054_tess_v01_llc,88.0425636349,32.3548099364,4,58815.59938704,1800,59181.05508,,716.890499467319,
,HLSP,QLP,Photometer,TESS,TESS,Optical,311923370,,hlsp_qlp_tess_ffi_s0019-0000000311923370_tess_v01_llc,88.1333117808,32.3582582996,4,58815.5993841,1800,59181.05508,,718.04492296728,
,HLSP,QLP,Photometer,TESS,TESS,Optical,312114587,,hlsp_qlp_tess_ffi_s0019-0000000312114587_tess_v01_llc,88.2648527435,32.6762326616,4,58815.5993751,1800,59181.05508,,719.372005939446,
,GALEX,AIS,GALEX,AIS,NUV,UV,AIS_66_1_77,,6.37323800672312E+018,88.2575882817341,33.0491184276166,2,55936.8697453704,105,56188.8911,AIS,0,
